gw,Player,playerID,Num,Nation,Pos,Age,Min,Gls,Ast,PK,PKatt,Sh,SoT,CrdY,CrdR,Touches,Tkl,Interceptions,Blocks,xG,npxG,xAG,SCA,GCA,Cmp,Att,CmpPct,PrgP,Carries,PrgC,Succ,TotDist,PrgDist,xA,KP,Passes_Final_Third,PPA,CrsPA,Live,Dead,FK,TB,Sw,Crs,TI,CK,Inswinging,Outswinging,Str,Pass_Offside,TklW,Def_3rd,Mid_3rd,Att_3rd,TklPct,Lost,Pass,TklAndInterceptions,Clr,Err,Def_Pen,Att_Pen,SuccPct,Tkld,TkldPct,CPA,Mis,Dis,Rec,PrgR,SecondCrdY,Fls,Fld,PKwon,PKcon,OG,Recov,Won,WonPct,SoTA,GA,Saves,SavePct,PSxG,Thr,LaunchPct,AvgLen,Opp,Stp,StpPct,NumOPA,AvgDist
4,Adam Armstrong,68c720b5,9,ENG,RW,25,76,0,0,0,0,1,1,0,0,21,0,0,0,0.1,0.1,0.2,2,0,12,15,80.0,3,13,6,1,212,81,0.3,2,1,3,1,13,2,0,0,1,2,0,0,0,0,0,0,0,0,0,0,,0,0,0,0,0,0,5,25.0,2,50.0,3,0,0,12,4,0,0,1,0,0,0,0,0,0.0,,,,,,,,,,,,,
4,Anthony Elanga,2fba6108,36,SWE,RW,20,79,0,0,0,0,1,1,0,0,36,0,0,2,0.1,0.1,0.4,5,0,16,20,80.0,1,19,1,0,212,78,0.7,3,0,1,0,19,1,0,0,0,0,1,0,0,0,0,0,0,0,0,0,,0,2,0,2,0,2,4,0.0,4,100.0,1,2,1,23,4,0,0,1,0,0,0,4,3,75.0,,,,,,,,,,,,,
4,Armel Bella Kotchap,a39d11bc,37,GER,CB,20,90,0,0,0,0,4,0,0,0,58,2,2,2,0.2,0.2,0.0,2,0,36,44,81.8,5,37,1,1,653,177,0.0,0,4,1,0,42,2,1,0,0,0,1,0,0,0,0,0,0,2,0,0,100.0,0,0,4,1,0,4,5,100.0,0,0.0,1,1,0,34,0,0,0,1,0,0,0,6,5,62.5,,,,,,,,,,,,,
4,Bruno Fernandes,507c7bdf,8,POR,AM,27,90,1,0,0,0,5,2,0,0,51,1,0,0,0.6,0.6,0.0,3,0,26,40,65.0,7,27,2,1,388,133,0.1,0,1,1,0,39,1,0,0,0,2,0,0,0,0,0,0,0,0,0,1,0.0,1,0,1,2,0,2,4,100.0,0,0.0,1,0,2,29,6,0,1,0,0,0,0,6,1,25.0,,,,,,,,,,,,,
4,Casemiro,4d224fe8,18,BRA,DM,30,11,0,0,0,0,0,0,0,0,11,1,0,1,0.0,0.0,0.0,0,0,5,8,62.5,1,2,0,0,48,16,0.0,0,0,0,0,8,0,0,0,0,0,0,0,0,0,0,0,1,1,0,0,0.0,2,0,1,1,0,2,0,,0,,0,0,0,4,0,0,0,0,0,0,0,2,3,75.0,,,,,,,,,,,,,
4,Che Adams,f2bf1b0f,10,SCO,FW,26,90,0,0,0,0,5,2,0,0,39,0,0,0,0.5,0.5,0.1,1,0,10,25,40.0,1,27,2,0,213,29,0.1,1,2,0,0,24,1,0,0,1,1,1,0,0,0,0,0,0,0,0,0,0.0,1,0,0,0,0,0,14,,0,,1,4,0,32,6,0,0,2,0,0,0,1,3,33.3,,,,,,,,,,,,,
4,Christian Eriksen,980522ec,14,DEN,DM,30,89,0,0,0,0,1,0,0,0,56,0,0,0,0.5,0.5,0.3,2,0,37,50,74.0,6,32,0,0,727,264,0.2,2,5,1,0,47,3,0,0,2,4,0,3,2,1,0,0,0,0,0,0,,0,0,0,2,0,1,2,0.0,1,100.0,0,0,3,39,3,0,0,0,0,0,0,7,0,0.0,,,,,,,,,,,,,
4,Cristiano Ronaldo,dea698d9,7,POR,FW,37,23,0,0,0,0,0,0,0,0,14,0,0,0,0.0,0.0,0.0,0,0,5,10,50.0,2,4,1,0,55,21,0.0,0,1,0,0,10,0,0,0,0,0,0,0,0,0,0,0,0,0,0,0,,0,0,0,0,0,0,3,0.0,1,100.0,0,2,1,9,1,0,1,0,0,0,0,1,3,100.0,,,,,,,,,,,,,
4,David de Gea,7ba6d84e,1,ESP,GK,31,90,0,0,0,0,0,0,0,0,34,0,0,0,0.0,0.0,0.0,0,0,23,33,69.7,0,16,0,0,586,480,0.0,0,0,0,0,19,14,1,0,0,0,0,0,0,0,0,0,0,0,0,0,,0,0,0,0,0,29,0,,0,,0,0,0,10,0,0,0,0,0,0,0,0,0,,4,0,4,100.0,0.8,7,45.0,35.0,22,2,9.1,0,7.3
4,Diogo Dalot,d9565625,20,POR,RB,23,90,0,1,0,0,0,0,1,0,64,4,2,1,0.0,0.0,0.2,2,1,36,52,69.2,4,30,2,2,650,260,0.3,2,2,3,2,41,10,0,0,1,4,10,0,0,0,0,1,2,4,0,0,75.0,1,0,6,4,0,8,1,100.0,0,0.0,0,2,0,31,5,0,2,0,0,0,0,6,1,50.0,,,,,,,,,,,,,
4,Fred,b853e0ad,17,BRA,AM,29,1,0,0,0,0,0,0,1,0,4,0,0,0,0.0,0.0,0.0,0,0,0,2,0.0,0,2,0,0,0,0,0.0,0,0,0,0,2,0,0,0,0,1,0,0,0,0,0,0,0,0,0,0,,0,0,0,0,0,0,0,,0,,0,1,1,1,1,0,1,0,0,0,0,1,0,,,,,,,,,,,,,,
4,Gavin Bazunu,c91441dc,31,IRL,GK,20,90,0,0,0,0,0,0,0,0,38,0,0,0,0.0,0.0,0.1,1,0,19,34,55.9,1,24,0,0,746,639,0.0,1,6,1,0,26,7,3,0,0,0,0,0,0,0,0,1,0,0,0,0,,0,0,0,2,0,18,0,,0,,0,0,0,18,0,0,0,0,0,0,0,3,0,,4,1,3,75.0,1.2,4,72.4,46.3,8,0,0.0,5,24.0
4,Jadon Sancho,dbf053da,25,ENG,LW,22,67,0,0,0,0,0,0,0,0,37,1,1,0,0.0,0.0,0.0,1,1,21,26,80.8,4,24,6,2,265,78,0.0,0,2,1,0,26,0,0,0,0,0,0,0,0,0,0,0,0,1,0,0,,0,0,2,1,0,1,3,100.0,0,0.0,2,4,1,23,7,0,1,0,0,0,0,4,1,50.0,,,,,,,,,,,,,
4,James Ward-Prowse,3515d404,8,ENG,DM,27,90,0,0,0,0,0,0,0,0,83,1,5,1,0.0,0.0,0.3,6,0,47,69,68.1,9,37,1,0,863,332,0.3,4,4,4,2,58,11,6,0,0,15,0,5,1,3,0,0,0,0,1,0,0.0,2,1,6,2,0,4,1,,0,,0,4,1,40,1,0,0,1,0,0,0,7,3,50.0,,,,,,,,,,,,,
4,Joe Aribo,328f7d51,7,NGA,AM,26,88,0,0,0,0,1,1,0,0,32,1,0,1,0.1,0.1,0.0,4,0,17,21,81.0,1,18,0,1,165,34,0.0,1,0,0,0,21,0,0,0,0,0,0,0,0,0,0,0,1,1,0,0,100.0,0,1,1,0,0,0,8,50.0,1,50.0,0,5,1,19,8,0,1,1,0,0,0,5,4,57.1,,,,,,,,,,,,,
4,Kyle Walker-Peters,984a5a64,2,ENG,RB,25,90,0,0,0,0,1,0,0,0,60,1,3,2,0.2,0.2,0.1,3,0,34,47,72.3,2,27,3,1,421,171,0.1,1,1,1,0,31,16,1,0,0,1,15,0,0,0,0,0,0,0,1,0,,0,0,4,0,0,2,3,25.0,0,0.0,0,0,3,27,5,0,1,3,0,0,0,5,0,0.0,,,,,,,,,,,,,
4,Lisandro Martínez,bac46a10,6,ARG,CB,24,90,0,0,0,0,0,0,0,0,61,0,4,0,0.0,0.0,0.0,0,0,33,48,68.8,0,30,0,1,573,206,0.0,0,0,0,0,48,0,0,0,0,0,0,0,0,0,0,0,0,0,0,0,,0,0,4,8,0,6,0,100.0,0,0.0,0,1,0,32,0,0,0,0,0,0,0,5,5,100.0,,,,,,,,,,,,,
4,Lyanco,b5bf1770,4,BRA,AM,25,2,0,0,0,0,0,0,0,0,3,0,0,1,0.0,0.0,0.0,1,0,2,2,100.0,0,0,0,0,20,4,0.0,0,0,0,0,2,0,0,0,0,0,0,0,0,0,0,0,0,0,0,0,,0,1,0,0,0,0,0,,0,,0,0,1,0,0,0,0,0,0,0,0,0,0,0.0,,,,,,,,,,,,,
4,Marcus Rashford,a1d5bd30,10,ENG,FW,24,90,0,0,0,0,1,0,0,0,26,2,0,0,0.1,0.1,0.0,2,0,13,19,68.4,1,17,1,0,226,43,0.0,0,0,0,0,19,0,0,0,0,1,0,0,0,0,0,0,1,1,1,0,0.0,1,0,2,0,0,1,1,0.0,1,100.0,0,0,1,19,3,0,0,1,0,0,0,2,1,50.0,,,,,,,,,,,,,
4,Mohamed Elyounoussi,68dc0dac,24,NOR,LW,28,62,0,0,0,0,1,0,0,0,25,1,0,0,0.0,0.0,0.3,3,0,14,20,70.0,1,16,0,0,202,82,0.2,2,1,2,1,20,0,0,1,0,2,0,0,0,0,0,0,0,0,0,1,0.0,1,0,1,1,0,1,0,0.0,1,100.0,0,1,0,17,2,0,0,0,0,0,0,3,0,0.0,,,,,,,,,,,,,
4,Mohammed Salisu,0b33f6ad,22,GHA,CB,23,90,0,0,0,0,1,0,0,0,63,2,0,1,0.1,0.1,0.0,0,0,30,54,55.6,2,30,0,1,652,290,0.0,0,2,0,0,46,8,2,0,2,3,6,0,0,0,0,0,1,2,0,0,100.0,0,1,2,5,0,5,1,100.0,0,0.0,0,0,0,28,0,0,0,0,0,0,0,7,3,60.0,,,,,,,,,,,,,
4,Moussa Djenepo,254147d4,19,MLI,LB,24,88,0,0,0,0,0,0,0,0,45,4,1,1,0.0,0.0,0.0,3,0,27,35,77.1,3,24,3,0,423,184,0.0,1,3,0,0,27,8,2,0,0,2,6,0,0,0,0,0,2,3,1,0,50.0,2,1,5,0,0,1,1,0.0,1,50.0,0,0,0,17,3,0,0,2,0,0,0,8,1,50.0,,,,,,,,,,,,,
4,Raphaël Varane,9f8e9423,19,FRA,CB,29,90,0,0,0,0,1,0,0,0,70,0,0,1,0.0,0.0,0.0,0,0,49,61,80.3,1,44,0,0,959,266,0.0,0,4,0,0,61,0,0,0,1,0,0,0,0,0,0,0,0,0,0,0,,0,1,0,6,0,10,1,,0,,0,0,0,49,0,0,1,0,0,0,0,8,3,50.0,,,,,,,,,,,,,
4,Romain Perraud,6dfd8f05,15,FRA,LB,24,2,0,0,0,0,0,0,0,0,3,0,0,0,0.0,0.0,0.0,0,0,2,3,66.7,0,3,0,0,28,0,0.0,0,0,0,0,3,0,0,0,0,0,0,0,0,0,0,0,0,0,0,0,,0,0,0,0,0,0,0,,0,,0,0,0,3,0,0,0,0,0,0,0,0,0,0.0,,,,,,,,,,,,,
4,Roméo Lavia,ecad9aa5,45,BEL,DM,18,90,0,0,0,0,1,0,0,0,49,2,2,2,0.0,0.0,0.0,3,0,36,39,92.3,3,32,0,1,613,149,0.0,1,1,1,0,39,0,0,0,1,0,0,0,0,0,0,0,2,2,0,0,100.0,0,1,4,1,0,3,0,50.0,0,0.0,0,0,1,27,0,0,2,1,0,0,0,11,0,0.0,,,,,,,,,,,,,
4,Scott McTominay,d93c2511,39,SCO,DM,25,90,0,0,0,0,2,1,1,0,45,2,0,0,0.3,0.3,0.0,2,0,23,30,76.7,3,22,1,1,329,70,0.1,0,3,0,0,28,2,2,0,0,0,0,0,0,0,0,0,1,2,0,0,100.0,0,0,2,8,0,11,4,100.0,0,0.0,1,1,0,20,1,0,5,1,0,0,0,6,3,33.3,,,,,,,,,,,,,
4,Sekou Mara,3544641e,18,FRA,RW,20,14,0,0,0,0,2,0,0,0,4,0,0,0,0.2,0.2,0.0,0,0,1,2,50.0,1,5,0,0,45,13,0.0,0,1,0,0,2,0,0,0,0,0,0,0,0,0,0,0,0,0,0,0,0.0,1,0,0,0,0,0,2,,0,,0,0,1,5,0,0,0,1,0,0,0,0,0,,,,,,,,,,,,,,
4,Stuart Armstrong,97333cf5,17,SCO,LW,30,28,0,0,0,0,0,0,0,0,21,3,0,0,0.0,0.0,0.0,2,0,11,15,73.3,2,13,1,0,175,55,0.0,1,2,2,1,15,0,0,0,0,1,0,0,0,0,0,0,2,0,2,1,100.0,0,0,3,0,0,0,0,0.0,1,100.0,0,1,0,12,3,0,0,1,0,0,0,3,0,,,,,,,,,,,,,,
4,Tyrell Malacia,6b6c793c,12,NED,LB,23,90,0,0,0,0,0,0,0,0,59,3,3,1,0.0,0.0,0.0,1,0,39,45,86.7,3,26,1,0,536,204,0.1,0,1,0,0,35,10,1,0,0,0,9,0,0,0,0,0,3,3,0,0,50.0,1,0,6,5,0,1,1,,0,,0,2,0,28,2,0,2,0,0,0,0,5,2,100.0,,,,,,,,,,,,,
4,Bernardo Silva,3eb22ec9,20,POR,DM,28,90,1,0,0,0,3,1,0,0,72,0,0,0,0.2,0.2,0.6,7,0,52,60,86.7,5,46,13,4,781,96,0.4,4,3,2,1,56,3,0,0,0,2,1,2,0,0,0,1,0,0,0,0,,0,0,0,0,0,0,13,66.7,0,0.0,7,2,1,59,22,0,0,2,0,0,0,3,0,,,,,,,,,,,,,,
4,Cheick Doucouré,ce4f40c7,28,MLI,CM,22,90,0,0,0,0,1,1,0,0,29,1,1,1,0.0,0.0,0.0,0,0,18,20,90.0,1,13,0,0,323,66,0.0,0,1,0,0,20,0,0,0,1,0,0,0,0,0,0,0,1,1,0,0,0.0,1,0,2,3,0,2,0,,0,,0,2,1,19,0,0,0,0,0,0,0,2,1,50.0,,,,,,,,,,,,,
4,Chris Richards,0a3d6d2b,26,USA,LB,22,34,0,0,0,0,0,0,0,0,18,0,1,0,0.0,0.0,0.0,0,0,9,13,69.2,0,6,0,0,155,24,0.0,0,0,0,0,12,1,1,0,0,0,0,0,0,0,0,0,0,0,0,0,0.0,1,0,1,1,0,2,0,,0,,0,1,0,11,1,0,0,0,0,0,0,0,0,,,,,,,,,,,,,,
4,Cole Palmer,dc7f8a28,80,ENG,RW,20,2,0,0,0,0,0,0,0,0,8,0,0,0,0.0,0.0,0.0,0,0,6,7,85.7,1,5,0,1,74,6,0.0,0,0,1,0,7,0,0,0,0,0,0,0,0,0,0,0,0,0,0,0,,0,0,0,0,0,0,0,100.0,0,0.0,0,0,0,7,0,0,0,0,0,0,0,0,0,,,,,,,,,,,,,,
4,Eberechi Eze,ae4fc6a4,10,ENG,LM,24,90,0,1,0,0,0,0,0,0,27,0,0,0,0.0,0.0,0.1,2,1,14,18,77.8,0,18,2,2,222,41,0.0,2,0,0,0,15,3,1,1,0,2,0,1,0,1,0,0,0,0,0,0,0.0,2,0,0,0,0,1,1,50.0,2,50.0,0,1,2,18,3,0,0,2,0,0,0,4,0,0.0,,,,,,,,,,,,,
4,Ederson,3bb7b8b4,31,BRA,GK,29,90,0,0,0,0,0,0,0,0,25,0,0,0,0.0,0.0,0.0,0,0,24,24,100.0,0,15,0,0,582,381,0.0,0,0,0,0,20,4,2,0,0,0,0,0,0,0,0,0,0,0,0,0,,0,0,0,0,0,20,0,,0,,0,0,0,13,0,0,0,1,0,0,0,3,0,,2,2,1,0.0,0.3,3,4.5,24.4,4,1,25.0,1,17.3
4,Erling Haaland,1f44ac21,9,NOR,FW,22,83,3,0,0,0,7,3,0,0,16,0,0,0,1.4,1.4,0.0,0,0,6,7,85.7,0,7,1,0,58,0,0.0,0,0,0,0,7,0,0,0,0,0,0,0,0,0,0,0,0,0,0,0,,0,0,0,0,0,0,10,,0,,1,2,0,13,6,0,3,0,0,0,0,1,1,50.0,,,,,,,,,,,,,
4,Jean-Philippe Mateta,50e6dc35,14,FRA,FW,25,17,0,0,0,0,0,0,1,0,6,0,0,0,0.0,0.0,0.0,0,0,3,3,100.0,0,4,1,1,59,0,0.0,0,0,0,0,2,1,0,0,0,0,0,0,0,0,0,0,0,0,0,0,,0,0,0,1,0,1,0,100.0,0,0.0,0,1,0,4,1,0,1,1,0,0,0,0,0,,,,,,,,,,,,,,
4,Jeffrey Schlupp,3312f911,15,GHA,CM,29,90,0,0,0,0,0,0,0,0,20,1,1,3,0.0,0.0,0.0,0,0,10,16,62.5,0,7,1,0,154,49,0.0,0,1,0,0,14,2,1,0,0,0,0,0,0,0,0,0,1,1,0,0,50.0,1,1,2,0,0,5,0,,0,,0,0,1,9,1,0,1,0,0,0,0,4,0,,,,,,,,,,,,,,
4,Joachim Andersen,e34fc66d,16,DEN,CB,26,90,1,0,0,0,1,1,0,0,52,0,0,0,0.1,0.1,0.0,0,0,31,41,75.6,0,25,0,1,874,403,0.0,0,1,0,0,36,4,4,0,2,0,0,0,0,0,0,1,0,0,0,0,0.0,1,0,0,8,0,22,1,50.0,1,50.0,0,0,0,36,0,0,1,3,0,0,0,2,1,50.0,,,,,,,,,,,,,
4,Joel Ward,8a7ff278,2,ENG,CB,32,90,0,0,0,0,0,0,0,0,44,1,1,0,0.0,0.0,0.0,0,0,23,35,65.7,0,19,1,0,456,176,0.0,0,1,0,0,31,4,2,0,0,1,2,0,0,0,0,0,1,1,0,0,0.0,1,0,2,4,0,5,0,,0,,0,1,0,22,1,0,0,1,0,0,0,5,2,50.0,,,,,,,,,,,,,
4,John Stones,5eecec3d,5,ENG,CB,28,90,0,1,0,0,1,0,0,0,105,3,0,1,0.2,0.2,0.6,1,1,99,100,99.0,6,78,5,0,1536,491,0.0,1,9,0,0,100,0,0,0,0,0,0,0,0,0,0,0,3,2,1,0,100.0,0,1,3,1,0,4,1,0.0,0,0.0,0,0,0,92,0,0,0,1,0,0,1,7,0,,,,,,,,,,,,,,
4,Jordan Ayew,da052c14,9,GHA,RM,30,73,0,0,0,0,0,0,0,0,22,2,0,0,0.0,0.0,0.0,0,0,7,9,77.8,0,10,1,0,98,41,0.0,0,0,0,0,9,0,0,0,0,1,0,0,0,0,0,0,2,2,0,0,100.0,0,0,2,1,0,1,0,,0,,0,4,2,12,2,0,2,5,0,0,0,4,1,12.5,,,,,,,,,,,,,
4,João Cancelo,bd6351cd,7,POR,LB,28,60,0,0,0,0,0,0,0,0,63,2,2,0,0.0,0.0,0.0,2,0,48,58,82.8,7,38,0,0,797,263,0.1,1,6,4,2,50,8,0,0,0,3,8,0,0,0,0,0,2,2,0,0,100.0,0,0,4,0,0,0,0,,0,,0,1,1,47,9,0,1,0,0,0,0,2,1,50.0,,,,,,,,,,,,,
4,Julián Álvarez,15ab5a2b,19,ARG,LW,22,30,0,0,0,0,0,0,0,0,24,0,0,1,0.0,0.0,0.0,2,0,20,21,95.2,0,17,0,1,247,14,0.1,0,0,0,0,21,0,0,0,0,1,0,0,0,0,0,0,0,0,0,0,0.0,1,1,0,0,0,0,3,100.0,0,0.0,0,1,0,22,7,0,0,2,0,0,0,1,1,50.0,,,,,,,,,,,,,
4,Kevin De Bruyne,e46012d4,17,BEL,AM,31,88,0,0,0,0,3,0,0,0,88,1,0,2,0.1,0.1,0.2,6,2,50,79,63.3,7,55,2,1,955,233,0.2,2,5,6,3,72,6,3,0,1,13,2,1,0,1,0,1,1,0,0,1,100.0,0,2,1,1,0,1,3,100.0,0,0.0,0,1,1,72,11,0,2,0,0,0,0,4,0,0.0,,,,,,,,,,,,,
4,Kyle Walker,86dd77d1,2,ENG,RB,32,90,0,0,0,0,0,0,0,0,118,0,0,0,0.0,0.0,0.1,1,0,108,117,92.3,19,77,0,1,2133,616,0.1,1,27,1,0,114,3,0,0,1,1,3,0,0,0,0,0,0,0,0,0,0.0,2,0,0,0,0,1,0,100.0,0,0.0,0,0,0,102,0,0,0,1,0,0,0,6,1,100.0,,,,,,,,,,,,,
4,Marc Guéhi,d0706b27,6,ENG,CB,22,90,0,0,0,0,0,0,1,0,43,2,1,1,0.0,0.0,0.0,0,0,26,31,83.9,1,18,0,0,534,136,0.0,0,2,0,0,31,0,0,0,1,0,0,0,0,0,0,0,1,2,0,0,100.0,0,1,3,5,0,16,0,,0,,0,0,0,25,0,0,1,1,0,0,0,4,1,100.0,,,,,,,,,,,,,
4,Michael Olise,c4486bac,7,FRA,RM,20,17,0,0,0,0,0,0,0,0,3,1,0,1,0.0,0.0,0.0,0,0,0,1,0.0,0,1,1,0,0,0,0.0,0,0,0,0,1,0,0,0,0,1,0,0,0,0,0,0,0,0,1,0,,0,1,1,0,0,0,0,,0,,0,0,0,1,0,0,0,0,0,0,0,0,0,,,,,,,,,,,,,,
4,Nathaniel Clyne,0442183b,17,ENG,RB,31,73,0,0,0,0,0,0,0,0,29,1,0,0,0.0,0.0,0.0,0,0,15,24,62.5,1,10,2,0,270,86,0.0,0,0,0,0,18,6,0,0,2,0,6,0,0,0,0,0,0,0,1,0,100.0,0,0,1,0,0,1,0,,0,,0,1,0,17,0,0,0,0,0,0,0,2,0,,,,,,,,,,,,,,
4,Odsonne Édouard,0562b7f1,22,FRA,FW,24,66,0,0,0,0,0,0,0,0,25,0,0,0,0.0,0.0,0.0,1,0,17,20,85.0,5,15,2,1,248,65,0.0,0,1,1,0,18,2,0,0,0,0,0,0,0,0,0,0,0,0,0,0,,0,0,0,0,0,0,1,33.3,2,66.7,1,0,1,15,1,0,2,0,0,0,0,6,1,50.0,,,,,,,,,,,,,
4,Phil Foden,ed1e53f3,47,ENG,LW,22,90,0,1,0,0,2,0,1,0,69,2,1,1,0.3,0.3,0.5,5,2,52,59,88.1,6,43,1,0,713,199,0.5,3,2,5,2,56,3,0,1,0,5,2,1,0,1,0,0,1,1,1,0,100.0,0,1,3,0,0,0,6,0.0,2,100.0,0,1,1,57,5,0,2,1,0,0,0,6,0,0.0,,,,,,,,,,,,,
4,Riyad Mahrez,892d5bb1,26,ALG,RW,31,60,0,0,0,0,0,0,0,0,53,1,0,1,0.0,0.0,0.1,3,0,45,49,91.8,4,45,1,1,764,148,0.1,1,0,3,0,46,3,1,0,0,4,0,2,2,0,0,0,1,0,0,1,50.0,1,1,1,0,0,0,3,25.0,1,25.0,1,2,0,47,16,0,0,0,0,0,0,1,0,,,,,,,,,,,,,,
4,Rodri,6434f10d,16,ESP,DM,26,90,0,1,0,0,0,0,0,0,103,2,1,1,0.0,0.0,0.0,1,1,88,97,90.7,14,60,4,1,1665,387,0.1,1,11,0,0,91,6,3,0,2,0,0,0,0,0,0,0,1,1,1,0,,0,1,3,0,0,1,3,50.0,1,50.0,0,0,0,73,2,0,3,0,0,0,0,7,4,80.0,,,,,,,,,,,,,
4,Rúben Dias,31c69ef1,3,POR,CB,25,90,0,0,0,0,0,0,0,0,117,1,1,0,0.0,0.0,0.0,2,0,107,114,93.9,8,76,1,0,1782,428,0.0,0,12,0,0,112,2,0,0,0,0,2,0,0,0,0,0,1,0,1,0,,0,0,2,1,0,1,1,,0,,0,0,0,95,0,0,2,0,0,0,0,5,5,83.3,,,,,,,,,,,,,
4,Sergio Gómez,01e5f06e,21,ESP,LB,21,7,0,0,0,0,1,0,0,0,11,0,0,0,0.1,0.1,0.0,0,0,8,9,88.9,0,4,0,0,84,31,0.0,0,2,0,0,9,0,0,0,0,0,0,0,0,0,0,0,0,0,0,0,,0,0,0,0,0,0,1,,0,,0,0,1,11,1,0,0,0,0,0,0,0,0,,,,,,,,,,,,,,
4,Tyrick Mitchell,5cbd1eb0,3,ENG,LB,22,56,0,0,0,0,0,0,0,0,15,0,0,0,0.0,0.0,0.0,0,0,10,14,71.4,1,6,0,0,186,70,0.0,0,1,0,0,10,4,1,0,0,0,3,0,0,0,0,0,0,0,0,0,0.0,2,0,0,1,0,2,0,,0,,0,0,0,7,0,0,0,0,0,0,0,3,0,,,,,,,,,,,,,,
4,Vicente Guaita,ab13a5aa,13,ESP,GK,35,90,0,0,0,0,0,0,0,0,39,0,0,0,0.0,0.0,0.0,0,0,25,37,67.6,0,16,0,0,689,450,0.0,0,1,0,0,21,16,5,0,0,0,0,0,0,0,0,0,0,0,0,0,,0,0,0,1,0,36,0,,0,,0,0,0,12,0,0,0,0,0,0,0,1,0,,5,4,1,20.0,1.8,7,46.2,38.0,24,2,8.3,1,13.0
4,Will Hughes,a0666d3e,19,ENG,CM,27,24,0,0,0,0,0,0,0,0,10,0,0,1,0.0,0.0,0.0,0,0,7,8,87.5,1,3,0,0,131,54,0.0,0,1,0,0,6,2,1,0,0,0,1,0,0,0,0,0,0,0,0,0,0.0,1,0,0,1,0,1,0,,0,,0,0,0,6,0,0,0,1,0,0,0,0,0,0.0,,,,,,,,,,,,,
4,İlkay Gündoğan,819b3158,8,GER,DM,31,30,0,1,0,0,1,1,0,0,22,0,0,0,0.1,0.1,0.2,1,1,21,21,100.0,4,7,1,0,339,71,0.0,1,5,0,0,21,0,0,0,0,0,0,0,0,0,0,0,0,0,0,0,0.0,1,0,0,0,0,0,1,,0,,0,0,0,21,1,0,1,0,0,0,0,1,1,100.0,,,,,,,,,,,,,
4,Adam Forshaw,9f1938ab,4,ENG,DM,30,17,0,0,0,0,0,0,0,0,13,0,0,0,0.0,0.0,0.4,2,0,8,12,66.7,0,5,0,1,111,36,0.2,1,0,0,0,9,3,2,0,0,3,0,1,0,1,0,0,0,0,0,0,0.0,1,0,0,0,0,0,0,100.0,0,0.0,0,0,0,7,0,0,0,0,0,0,0,2,0,,,,,,,,,,,,,,
4,Adam Webster,c40b6180,4,ENG,CB,27,90,0,0,0,0,3,0,1,0,56,0,2,3,0.5,0.5,0.0,1,0,37,44,84.1,2,29,0,0,947,340,0.0,0,6,0,0,41,3,2,0,1,0,1,0,0,0,0,0,0,0,0,0,,0,0,2,2,0,5,3,,0,,0,0,1,28,0,0,1,0,0,0,0,11,3,100.0,,,,,,,,,,,,,
4,Alexis Mac Allister,83d074ff,10,ARG,CM,23,90,0,0,0,0,0,0,1,0,39,4,0,0,0.0,0.0,0.0,1,0,22,30,73.3,3,19,1,1,424,68,0.0,1,4,0,0,30,0,0,0,1,0,0,0,0,0,0,0,2,0,4,0,0.0,5,0,4,1,0,1,0,50.0,0,0.0,0,0,2,18,0,0,2,3,0,0,0,8,0,,,,,,,,,,,,,,
4,Brenden Aaronson,5bc43860,7,USA,AM,21,81,0,0,0,0,0,0,1,0,30,2,0,0,0.0,0.0,0.0,3,0,20,25,80.0,0,22,2,4,239,62,0.0,0,0,0,0,22,3,1,0,0,4,1,1,0,1,0,0,1,0,2,0,100.0,0,0,2,1,0,1,3,66.7,1,16.7,1,2,4,26,7,0,2,1,0,0,0,2,0,0.0,,,,,,,,,,,,,
4,Daniel James,c931d9f9,20,WAL,RW,24,58,0,0,0,0,0,0,0,0,22,2,1,2,0.0,0.0,0.0,1,0,7,12,58.3,1,10,2,0,92,19,0.0,0,0,1,0,12,0,0,0,0,1,0,0,0,0,0,0,0,0,2,0,66.7,1,2,3,1,0,0,1,0.0,0,0.0,1,1,0,13,2,0,0,3,0,0,0,1,0,,,,,,,,,,,,,,
4,Danny Welbeck,ce5143da,18,ENG,FW,31,87,0,0,0,0,0,0,0,0,28,1,0,1,0.0,0.0,0.3,2,0,12,16,75.0,3,13,2,0,127,50,0.3,2,0,2,0,16,0,0,1,0,0,0,0,0,0,0,0,1,0,0,1,0.0,1,1,1,1,0,2,1,,0,,0,7,2,20,5,0,1,0,0,0,0,1,3,60.0,,,,,,,,,,,,,
4,Diego Llorente,bba30585,14,ESP,CB,29,90,0,0,0,0,1,0,0,0,87,2,5,1,0.4,0.4,0.0,0,0,59,76,77.6,4,54,1,0,1156,416,0.0,0,3,0,0,74,2,2,0,0,0,0,0,0,0,0,0,2,1,1,0,,0,1,7,1,0,10,1,,0,,0,0,0,51,0,0,1,0,0,0,0,14,2,50.0,,,,,,,,,,,,,
4,Enock Mwepu,1d5cab82,8,ZAM,FW,24,21,0,0,0,0,0,0,0,0,7,0,0,1,0.0,0.0,0.0,0,0,2,3,66.7,0,2,0,0,15,0,0.0,0,0,0,0,3,0,0,0,0,0,0,0,0,0,0,0,0,0,0,0,0.0,1,1,0,0,0,0,0,,0,,0,2,0,4,2,0,0,0,0,0,0,1,0,,,,,,,,,,,,,,
4,Illan Meslier,6b625ac2,1,FRA,GK,22,90,0,0,0,0,0,0,0,0,42,0,1,0,0.0,0.0,0.0,0,0,30,40,75.0,0,24,0,0,633,324,0.0,0,0,0,0,27,13,2,0,0,0,0,0,0,0,0,0,0,0,0,0,,0,0,1,0,0,36,0,,0,,0,0,0,22,0,0,0,0,0,0,0,0,0,,4,1,3,75.0,1.3,6,20.7,27.9,10,0,0.0,0,3.7
4,Jack Harrison,aa849a12,11,ENG,LW,25,73,0,0,0,0,1,0,0,0,43,2,1,2,0.0,0.0,0.1,1,0,18,29,62.1,3,24,2,2,229,79,0.0,1,0,1,0,27,1,0,0,0,1,0,1,1,0,0,1,1,0,2,0,0.0,2,2,3,0,0,0,1,66.7,1,33.3,1,4,1,28,5,0,1,2,0,0,0,5,1,100.0,,,,,,,,,,,,,
4,Jan Paul van Hecke,4fd08daa,29,NED,RB,22,3,0,0,0,0,0,0,0,0,1,0,0,0,0.0,0.0,0.0,0,0,1,1,100.0,0,0,0,0,22,11,0.0,0,0,0,0,1,0,0,0,0,0,0,0,0,0,0,0,0,0,0,0,,0,0,0,0,0,0,0,,0,,0,0,0,0,0,0,0,0,0,0,0,1,0,,,,,,,,,,,,,,
4,Joe Gelhardt,01962d0d,30,ENG,RW,20,9,0,0,0,0,1,0,0,0,10,0,0,1,0.0,0.0,0.0,0,0,5,7,71.4,1,5,1,1,53,17,0.0,0,1,0,0,7,0,0,0,0,1,0,0,0,0,0,0,0,0,0,0,,0,1,0,0,0,0,0,50.0,0,0.0,0,0,1,7,2,0,0,1,0,0,0,1,0,,,,,,,,,,,,,,
4,Joël Veltman,dad4b285,34,NED,RB,30,69,0,0,0,0,0,0,0,0,34,1,0,1,0.0,0.0,0.0,0,0,19,32,59.4,0,12,1,2,382,171,0.0,0,1,0,0,20,11,0,0,0,0,11,0,0,0,0,1,1,1,0,0,50.0,1,1,1,0,0,1,0,100.0,0,0.0,0,0,2,13,0,0,0,2,0,0,0,3,1,33.3,,,,,,,,,,,,,
4,Kaoru Mitoma,74618572,22,JPN,LM,25,12,0,0,0,0,0,0,0,0,12,2,0,0,0.0,0.0,0.0,0,0,6,9,66.7,1,2,1,0,61,27,0.1,0,1,0,0,8,1,0,0,0,0,1,0,0,0,0,0,2,2,0,0,100.0,0,0,2,0,0,1,1,,0,,0,1,1,5,0,0,0,0,0,0,0,3,0,,,,,,,,,,,,,,
4,Leandro Trossard,38ceb24a,11,BEL,LM,27,78,0,1,0,0,2,0,0,0,32,0,0,2,0.3,0.3,0.2,5,1,11,19,57.9,3,22,2,2,294,120,0.1,2,1,2,0,19,0,0,0,2,0,0,0,0,0,0,0,0,0,0,0,,0,2,0,0,0,0,5,33.3,3,50.0,2,1,1,24,7,0,0,2,0,0,0,3,0,,,,,,,,,,,,,,
4,Levi Colwill,700783e7,6,ENG,LB,19,12,0,0,0,0,0,0,0,0,15,0,2,0,0.0,0.0,0.0,0,0,5,10,50.0,0,3,0,0,57,34,0.0,0,0,0,0,6,3,0,0,0,0,3,0,0,0,0,1,0,0,0,0,,0,0,2,1,0,2,0,,0,,0,0,0,2,0,0,0,0,0,0,0,1,1,100.0,,,,,,,,,,,,,
4,Lewis Dunk,282f75f3,5,ENG,CB,30,90,0,0,0,0,1,0,0,0,49,0,0,0,0.0,0.0,0.1,2,0,35,46,76.1,1,23,1,0,816,332,0.0,1,2,0,0,43,3,3,0,2,0,0,0,0,0,0,0,0,0,0,0,,0,0,0,0,0,1,2,,0,,0,1,0,31,0,0,0,0,0,0,0,8,1,33.3,,,,,,,,,,,,,
4,Luis Sinisterra,8e16dd48,23,COL,LW,23,32,0,0,0,0,1,0,0,0,12,0,0,0,1.0,1.0,0.0,2,0,6,8,75.0,4,6,1,0,95,52,0.0,0,1,1,0,8,0,0,0,0,0,0,0,0,0,0,0,0,0,0,0,,0,0,0,0,0,0,1,0.0,1,100.0,0,1,0,7,2,0,0,1,0,0,0,1,1,100.0,,,,,,,,,,,,,
4,Marc Roca,da27e268,8,ESP,DM,25,58,0,0,0,0,0,0,1,0,45,1,1,0,0.0,0.0,0.0,1,0,31,40,77.5,6,24,0,1,618,306,0.0,1,7,0,0,39,1,1,0,1,0,0,0,0,0,0,0,1,0,1,0,,0,0,2,2,0,2,0,100.0,0,0.0,0,1,0,33,0,0,1,0,0,0,0,3,0,,,,,,,,,,,,,,
4,Mateusz Klich,282679b4,43,POL,AM,32,32,0,0,0,0,0,0,0,0,24,3,0,0,0.0,0.0,0.1,2,0,15,21,71.4,2,17,1,1,175,38,0.0,2,1,0,0,21,0,0,0,0,0,0,0,0,0,0,0,2,1,1,1,100.0,0,0,3,0,0,0,1,33.3,2,66.7,0,0,0,16,1,0,1,0,0,0,0,5,0,,,,,,,,,,,,,,
4,Moisés Caicedo,16264a81,25,ECU,CM,20,90,0,0,0,0,0,0,0,0,53,1,3,3,0.0,0.0,0.0,2,1,31,41,75.6,4,24,1,0,379,133,0.0,0,5,0,0,41,0,0,0,0,0,0,0,0,0,0,0,1,1,0,0,0.0,1,2,4,0,0,3,1,,0,,1,3,1,37,5,0,3,2,0,0,0,6,2,100.0,,,,,,,,,,,,,
4,Pascal Groß,8aec0537,13,GER,FW,31,90,1,0,0,0,2,1,0,0,40,2,0,1,0.4,0.4,0.6,4,0,18,32,56.3,5,14,0,0,402,232,0.3,2,3,0,0,24,8,5,1,0,6,0,2,1,1,0,0,1,1,0,1,0.0,2,0,2,0,0,1,4,,0,,0,2,0,16,5,0,0,0,0,0,0,1,0,0.0,,,,,,,,,,,,,
4,Pascal Struijk,f4d296e4,21,NED,LB,23,90,0,0,0,0,1,1,1,0,46,1,2,0,0.1,0.1,0.0,2,0,33,39,84.6,4,15,1,1,455,186,0.0,1,3,1,0,32,7,2,0,0,0,5,0,0,0,0,0,0,1,0,0,0.0,1,0,3,1,0,1,1,100.0,0,0.0,0,1,1,26,3,0,1,0,0,0,0,5,1,33.3,,,,,,,,,,,,,
4,Pervis Estupiñán,d38fdf53,30,ECU,LB,24,78,0,0,0,0,1,0,0,0,71,2,2,0,0.0,0.0,0.7,4,0,48,62,77.4,5,37,2,0,821,346,0.7,3,3,1,0,53,9,0,0,2,3,9,0,0,0,0,0,1,2,0,0,100.0,0,0,4,0,0,1,3,0.0,4,80.0,2,0,3,41,3,0,1,1,0,0,0,10,0,,,,,,,,,,,,,,
4,Rasmus Nissen,39769cff,25,DEN,RB,25,90,0,0,0,0,0,0,0,0,59,2,2,2,0.0,0.0,0.0,1,0,36,52,69.2,3,22,2,0,686,216,0.0,0,0,1,0,39,13,0,0,0,2,13,0,0,0,0,0,1,1,1,0,100.0,0,1,4,1,0,4,0,,0,,0,0,0,25,7,0,1,0,0,0,0,8,0,,,,,,,,,,,,,,
4,Robert Sánchez,6a713852,1,ESP,GK,24,90,0,0,0,0,0,0,0,0,33,0,0,0,0.0,0.0,0.0,0,0,20,32,62.5,0,18,0,0,611,410,0.0,0,1,0,0,20,12,5,0,0,0,0,0,0,0,0,0,0,0,0,0,,0,0,0,0,0,26,0,,0,,0,0,0,12,0,0,0,0,0,0,0,1,0,,2,0,2,100.0,0.5,4,48.0,39.7,10,1,10.0,0,8.3
4,Robin Koch,ea6bc03a,5,GER,CB,26,90,0,0,0,0,0,0,0,0,74,2,3,0,0.0,0.0,0.0,0,0,49,65,75.4,2,42,0,0,1084,451,0.0,0,4,0,0,65,0,0,0,1,0,0,0,0,0,0,0,1,2,0,0,50.0,1,0,5,3,0,8,0,,0,,0,0,0,52,0,0,0,1,0,0,0,9,2,33.3,,,,,,,,,,,,,
4,Rodrigo,1fb1c435,19,ESP,FW,31,90,0,0,0,0,5,1,0,0,40,1,0,0,0.3,0.3,0.0,1,0,21,29,72.4,2,24,3,0,408,72,0.0,0,2,0,0,26,3,0,0,1,0,1,0,0,0,0,0,1,0,1,0,,0,0,1,3,0,3,3,,0,,1,2,0,28,9,0,2,0,0,0,0,2,2,40.0,,,,,,,,,,,,,
4,Solly March,bb5fbd2b,7,ENG,RM,28,69,0,0,0,0,4,3,0,0,28,1,0,2,0.8,0.8,0.0,2,0,8,16,50.0,0,12,2,0,138,38,0.0,1,0,0,0,13,3,0,0,0,2,0,3,1,1,0,0,1,0,1,0,100.0,0,2,1,1,0,1,4,0.0,0,0.0,2,2,1,14,1,0,2,3,0,0,0,1,3,75.0,,,,,,,,,,,,,
4,Tariq Lamptey,f4e433d4,2,GHA,RB,21,21,0,0,0,0,0,0,0,0,8,0,0,0,0.0,0.0,0.0,0,0,3,5,60.0,1,3,1,2,48,17,0.0,0,0,0,0,3,2,0,0,0,1,2,0,0,0,0,0,0,0,0,0,,0,0,0,1,0,1,1,66.7,1,33.3,0,1,0,3,0,0,0,0,0,0,0,1,0,,,,,,,,,,,,,,
4,Tyler Adams,2b09d998,12,USA,DM,23,90,0,0,0,0,0,0,0,0,72,4,0,0,0.0,0.0,0.0,3,0,49,60,81.7,7,33,2,0,710,179,0.0,1,8,0,0,58,2,1,0,0,0,1,0,0,0,0,0,2,3,1,0,50.0,1,0,4,1,0,2,1,,0,,0,2,2,43,1,0,4,1,0,0,0,4,1,33.3,,,,,,,,,,,,,
4,Ayoze Pérez,819aa8e7,17,ESP,RM,29,36,0,0,0,0,1,0,0,0,21,0,0,1,0.2,0.2,0.6,1,0,14,17,82.4,4,10,2,1,240,124,0.2,2,4,1,0,16,1,0,1,0,3,0,1,1,0,0,0,0,0,0,0,,0,1,0,0,0,0,3,100.0,0,0.0,2,1,1,17,6,0,0,1,0,0,0,2,0,0.0,,,,,,,,,,,,,
4,Ben Chilwell,d2424d1b,21,ENG,WB,25,1,0,0,0,0,0,0,0,0,2,0,1,0,0.0,0.0,0.0,0,0,0,0,,0,0,0,0,0,0,0.0,0,0,0,0,0,0,0,0,0,0,0,0,0,0,0,0,0,0,0,0,,0,0,1,1,0,1,0,,0,,0,0,0,0,0,0,0,0,0,0,0,0,0,,,,,,,,,,,,,,
4,Boubakary Soumaré,ae59b359,42,FRA,DM,23,54,0,0,0,0,0,0,0,0,42,2,0,0,0.0,0.0,0.0,0,0,36,38,94.7,7,19,2,0,538,129,0.0,0,3,0,0,38,0,0,0,0,0,0,0,0,0,0,0,1,1,0,1,100.0,0,0,2,0,0,2,0,0.0,1,100.0,0,0,1,31,0,0,1,0,0,0,0,6,0,,,,,,,,,,,,,,
4,Christian Pulisic,1bf33a9a,10,USA,CM,23,16,0,0,0,0,0,0,0,0,6,0,0,0,0.0,0.0,0.0,0,0,3,4,75.0,0,2,1,0,34,13,0.0,0,0,0,0,4,0,0,0,0,0,0,0,0,0,0,0,0,0,0,0,0.0,1,0,0,0,0,0,0,0.0,0,0.0,0,0,0,4,1,0,0,0,0,0,0,1,0,0.0,,,,,,,,,,,,,
4,Conor Gallagher,c2731c10,23,ENG,CM,22,27,0,0,0,0,0,0,2,1,33,3,0,2,0.0,0.0,0.0,1,0,25,29,86.2,5,20,0,0,359,81,0.0,0,6,0,0,29,0,0,0,0,0,0,0,0,0,0,0,3,1,2,0,100.0,0,2,3,0,0,0,0,,0,,0,1,0,22,0,1,3,0,0,0,0,4,0,,,,,,,,,,,,,,
4,César Azpilicueta,53cad200,28,ESP,CB,32,45,0,0,0,0,0,0,0,0,19,0,2,0,0.0,0.0,0.0,0,0,8,12,66.7,1,3,0,0,112,28,0.0,0,0,0,0,9,3,1,0,0,1,2,0,0,0,0,0,0,0,0,0,,0,0,2,6,0,5,0,,0,,0,0,0,6,0,0,0,0,0,0,0,2,2,100.0,,,,,,,,,,,,,
4,Daniel Amartey,1a4ef233,18,GHA,CB,27,90,0,0,0,0,0,0,0,0,87,1,2,1,0.0,0.0,0.3,3,0,72,78,92.3,11,48,5,1,1323,571,0.2,2,12,0,0,75,3,3,1,0,0,0,0,0,0,0,0,0,1,0,0,100.0,0,1,3,1,0,6,2,50.0,0,0.0,0,1,1,64,2,0,0,1,0,0,0,10,3,50.0,,,,,,,,,,,,,
4,Danny Ward,d3ce0e89,1,WAL,GK,29,90,0,0,0,0,0,0,0,0,19,0,0,0,0.0,0.0,0.0,0,0,15,17,88.2,0,12,0,0,354,229,0.0,0,0,0,0,14,3,1,0,1,0,0,0,0,0,0,0,0,0,0,0,,0,0,0,0,0,12,0,,0,,0,0,0,11,0,0,0,0,0,0,0,2,0,,4,2,1,50.0,2.4,2,26.7,28.5,9,0,0.0,3,26.0
4,Dennis Praet,86695068,26,BEL,RM,28,54,0,0,0,0,0,0,1,0,24,4,0,1,0.0,0.0,0.0,1,0,9,16,56.3,0,10,2,0,132,19,0.0,0,0,0,0,15,1,0,0,0,2,0,0,0,0,0,0,3,3,1,0,100.0,0,1,4,1,0,1,0,0.0,1,100.0,0,2,3,14,4,0,1,0,0,0,0,2,0,0.0,,,,,,,,,,,,,
4,Edouard Mendy,33887998,16,SEN,GK,30,90,0,0,0,0,0,0,0,0,32,0,0,0,0.0,0.0,0.0,0,0,16,29,55.2,0,16,0,0,554,471,0.0,0,0,0,0,17,12,1,0,0,0,0,0,0,0,0,0,0,0,0,0,,0,0,0,0,0,29,0,,0,,0,0,0,11,0,0,0,1,0,0,0,1,0,,5,1,4,80.0,1.3,2,44.4,36.5,27,2,7.4,1,13.7
4,Harvey Barnes,3ea50f67,7,ENG,LM,24,90,1,0,0,0,4,3,0,0,41,0,0,0,0.3,0.3,0.0,3,1,21,30,70.0,2,20,3,0,251,76,0.0,0,2,1,0,28,1,0,0,0,2,1,0,0,0,0,1,0,0,0,0,0.0,1,0,0,0,0,1,4,0.0,2,50.0,0,1,1,35,9,0,1,2,0,0,0,3,1,33.3,,,,,,,,,,,,,
4,James Justin,fb614c44,2,ENG,LB,24,90,0,0,0,0,1,0,0,0,99,2,1,3,0.0,0.0,0.1,3,0,63,85,74.1,5,26,2,0,969,329,0.2,2,2,3,2,75,10,3,0,0,7,7,0,0,0,0,0,2,1,1,0,0.0,1,1,3,4,0,3,2,0.0,1,100.0,0,1,0,58,9,0,1,1,0,0,0,7,2,50.0,,,,,,,,,,,,,
4,Jamie Vardy,45963054,9,ENG,FW,35,90,0,1,0,0,4,1,0,0,14,0,0,0,1.2,1.2,0.1,2,1,5,8,62.5,1,8,3,1,51,9,0.0,1,0,1,0,8,0,0,0,0,0,0,0,0,0,0,0,0,0,0,0,0.0,1,0,0,0,0,0,6,50.0,1,50.0,2,1,2,13,5,0,0,0,0,0,0,2,1,33.3,,,,,,,,,,,,,
4,Jonny Evans,f8fcd2a5,6,NIR,CB,34,90,0,0,0,0,0,0,0,0,80,1,1,1,0.0,0.0,0.0,1,0,66,71,93.0,3,30,0,0,1264,427,0.0,0,3,0,0,68,3,3,0,0,0,0,0,0,0,0,0,1,1,0,0,,0,1,2,3,0,8,1,,0,,0,0,0,56,0,0,1,2,0,0,0,6,3,75.0,,,,,,,,,,,,,
4,Jorginho,45db685d,5,ITA,CM,30,74,0,0,0,0,0,0,0,0,61,2,0,0,0.0,0.0,0.0,2,1,49,54,90.7,10,34,1,0,805,295,0.0,0,12,0,0,54,0,0,0,0,0,0,0,0,0,0,0,1,0,2,0,66.7,1,0,2,0,0,1,0,0.0,1,100.0,0,1,1,44,1,0,1,0,0,0,0,5,0,,,,,,,,,,,,,,
4,Kai Havertz,fed7cb61,29,GER,FW,23,90,0,0,0,0,0,0,1,0,45,1,0,1,0.0,0.0,0.0,2,1,22,32,68.8,3,23,2,0,253,81,0.0,0,2,1,0,30,2,0,0,0,0,1,0,0,0,0,0,0,0,0,1,0.0,1,1,1,4,0,4,3,0.0,1,100.0,1,3,2,35,10,0,4,2,0,0,0,1,4,36.4,,,,,,,,,,,,,
4,Kelechi Iheanacho,c92e1a31,14,NGA,FW,25,36,0,0,0,0,3,0,0,0,19,0,0,0,0.3,0.3,0.0,3,0,10,14,71.4,0,11,2,1,113,0,0.0,1,0,0,0,13,1,0,0,0,1,0,0,0,0,0,0,0,0,0,0,,0,0,0,0,0,0,3,50.0,1,50.0,1,1,2,19,4,0,0,0,0,0,0,1,0,,,,,,,,,,,,,,
4,Kiernan Dewsbury-Hall,5c74c0f5,22,ENG,CM,23,90,0,0,0,0,0,0,1,0,62,0,1,3,0.0,0.0,0.1,3,0,35,53,66.0,6,23,2,0,584,186,0.1,1,5,1,0,44,9,2,0,2,10,0,7,7,0,0,0,0,0,0,0,0.0,1,3,1,1,0,2,0,0.0,0,0.0,0,3,0,35,2,0,1,1,0,0,0,5,3,100.0,,,,,,,,,,,,,
4,Marc Cucurella,1daec722,32,ESP,WB,24,89,0,1,0,0,0,0,0,0,75,1,1,1,0.0,0.0,0.1,2,1,48,59,81.4,5,31,2,0,659,167,0.0,2,6,0,0,48,10,1,0,0,4,6,3,3,0,0,1,1,0,1,0,,0,1,2,4,0,2,0,0.0,2,100.0,0,3,0,41,8,0,0,1,0,0,0,6,1,50.0,,,,,,,,,,,,,
4,Mason Mount,9674002f,19,ENG,LM,23,45,0,0,0,0,0,0,0,0,26,3,1,0,0.0,0.0,0.0,0,0,13,18,72.2,1,7,0,0,194,25,0.0,1,1,0,0,15,3,1,0,0,1,1,0,0,0,0,0,1,0,1,2,,0,0,4,0,0,0,1,,0,,0,2,0,14,2,0,0,0,0,0,0,1,1,100.0,,,,,,,,,,,,,
4,Mateo Kovačić,79c0821a,8,CRO,CM,28,16,0,0,0,0,0,0,0,0,8,1,0,0,0.0,0.0,0.0,0,0,4,6,66.7,1,1,0,0,45,24,0.0,0,0,0,0,6,0,0,0,1,0,0,0,0,0,0,0,0,1,0,0,,0,0,1,0,0,1,0,,0,,0,1,0,4,0,0,0,0,0,0,0,1,1,100.0,,,,,,,,,,,,,
4,Raheem Sterling,b400bde0,17,ENG,CM,27,74,2,0,0,0,3,3,0,0,31,0,0,0,1.2,1.2,0.4,3,0,15,19,78.9,0,22,3,2,171,42,0.2,1,0,1,1,19,0,0,0,0,1,0,0,0,0,0,0,0,0,0,0,,0,0,0,0,0,0,3,33.3,3,50.0,1,2,5,30,5,0,1,2,0,0,0,2,0,,,,,,,,,,,,,,
4,Reece James,1265a93a,24,ENG,WB,22,90,0,1,0,0,2,0,0,0,76,1,1,1,0.1,0.1,0.9,3,1,62,69,89.9,4,44,6,1,1066,210,0.5,2,3,0,0,61,8,1,0,2,4,7,0,0,0,0,0,1,0,1,0,100.0,0,0,2,2,0,3,2,100.0,0,0.0,0,0,0,53,9,0,1,1,0,0,0,7,2,50.0,,,,,,,,,,,,,
4,Ruben Loftus-Cheek,e97fd090,12,ENG,CM,26,90,0,0,0,0,1,1,0,0,43,1,0,3,0.4,0.4,0.0,1,0,24,31,77.4,4,21,1,2,409,168,0.0,0,2,1,0,29,1,0,0,0,1,1,0,0,0,0,1,1,1,0,0,0.0,1,2,1,4,0,4,1,66.7,1,33.3,0,1,1,26,3,0,0,0,0,0,0,8,1,25.0,,,,,,,,,,,,,
4,Thiago Silva,86e7deaf,6,BRA,CB,37,90,0,0,0,0,1,0,0,0,76,5,0,2,0.1,0.1,0.0,0,0,54,62,87.1,5,40,0,1,1083,445,0.0,0,5,1,0,59,3,3,0,2,0,0,0,0,0,0,0,4,1,4,0,100.0,0,0,5,4,0,11,1,100.0,0,0.0,0,0,0,51,0,0,0,0,0,0,0,4,4,80.0,,,,,,,,,,,,,
4,Timothy Castagne,197640fd,27,BEL,RB,26,90,0,0,0,0,2,1,0,0,90,1,1,1,0.4,0.4,0.0,3,0,63,74,85.1,3,26,2,0,849,236,0.1,1,0,1,1,65,9,0,0,1,5,9,0,0,0,0,0,0,1,0,0,0.0,1,1,2,4,0,2,4,,0,,0,1,0,60,17,0,1,0,0,0,0,4,4,50.0,,,,,,,,,,,,,
4,Trevoh Chalobah,5515376c,14,ENG,CB,23,90,0,0,0,0,0,0,0,0,62,0,0,1,0.0,0.0,0.0,0,0,49,57,86.0,1,40,0,0,1049,360,0.0,0,1,0,0,56,0,0,0,2,0,0,0,0,0,0,1,0,0,0,0,0.0,1,0,0,3,0,8,0,,0,,0,1,0,49,0,0,0,0,0,0,0,4,1,50.0,,,,,,,,,,,,,
4,Wilfred Ndidi,6b47c5db,25,NGA,CM,25,2,0,0,0,0,0,0,0,0,3,0,0,0,0.0,0.0,0.0,0,0,2,2,100.0,1,1,0,0,39,17,0.0,0,0,0,0,1,1,1,0,0,0,0,0,0,0,0,0,0,0,0,0,,0,0,0,0,0,0,1,,0,,0,1,0,2,0,0,0,0,0,0,0,0,0,,,,,,,,,,,,,,
4,Youri Tielemans,56f7a928,8,BEL,CM,25,88,0,0,0,0,2,0,0,0,88,6,1,0,0.1,0.1,1.2,10,0,67,75,89.3,15,32,3,1,1127,448,0.9,6,11,4,1,71,4,0,2,0,4,0,3,2,0,0,0,3,4,1,1,66.7,1,0,7,2,0,1,1,50.0,0,0.0,0,2,0,62,0,0,0,1,0,0,0,6,0,,,,,,,,,,,,,,
4,Aaron Hickey,1780bb4a,2,SCO,RB,20,90,0,0,0,0,2,0,1,0,64,2,0,0,0.0,0.0,0.0,2,0,46,55,83.6,6,48,4,0,559,170,0.0,1,5,0,0,52,3,1,0,0,4,2,0,0,0,0,0,1,1,1,0,100.0,0,0,2,3,0,3,1,0.0,1,100.0,0,0,0,46,9,0,1,1,0,0,0,6,0,0.0,,,,,,,,,,,,,
4,Alex Iwobi,6ca5ec4b,17,NGA,CM,26,90,0,0,0,0,2,1,0,0,53,5,0,1,0.1,0.1,0.1,1,0,39,42,92.9,5,24,0,0,643,156,0.0,1,1,0,0,42,0,0,0,0,0,0,0,0,0,0,0,2,2,3,0,100.0,0,1,5,2,0,3,0,,0,,0,1,2,33,2,0,0,0,0,0,0,4,0,,,,,,,,,,,,,,
4,Amadou Onana,828657ff,8,BEL,CM,21,77,0,0,0,0,0,0,0,0,48,3,1,2,0.0,0.0,0.1,2,0,33,40,82.5,1,26,2,1,525,73,0.2,1,2,0,0,40,0,0,1,0,0,0,0,0,0,0,0,3,0,3,0,66.7,1,1,4,2,0,3,0,100.0,0,0.0,0,0,0,36,2,0,1,1,0,0,0,3,1,16.7,,,,,,,,,,,,,
4,Anthony Gordon,2bd83368,10,ENG,RW,21,90,1,0,0,0,5,4,1,0,44,5,0,2,0.3,0.3,0.0,3,0,23,28,82.1,2,20,1,1,337,58,0.0,0,1,1,0,28,0,0,0,0,0,0,0,0,0,0,0,4,4,0,1,40.0,3,2,5,0,0,0,3,33.3,2,66.7,1,2,2,23,2,0,2,0,0,0,0,4,1,12.5,,,,,,,,,,,,,
4,Ben Mee,8df7a2fb,16,ENG,CB,32,90,0,0,0,0,1,0,0,0,79,0,4,2,0.1,0.1,0.0,3,0,54,65,83.1,0,52,0,0,1014,362,0.0,0,2,0,0,62,3,2,0,0,0,1,0,0,0,0,0,0,0,0,0,0.0,1,0,4,6,0,11,1,,0,,0,0,0,49,0,0,0,0,0,0,0,5,8,88.9,,,,,,,,,,,,,
4,Bryan Mbeumo,6afaebf2,19,CMR,RW,23,77,0,0,0,0,4,1,0,0,36,0,0,1,0.3,0.3,0.0,3,0,21,30,70.0,3,28,2,0,293,57,0.0,1,2,0,0,28,2,0,1,0,3,1,1,0,0,0,0,0,0,0,0,,0,1,0,0,0,0,4,,0,,0,0,1,29,8,0,0,0,0,0,0,1,1,50.0,,,,,,,,,,,,,
4,Christian Nørgaard,df0a4c90,6,DEN,CM,28,68,0,0,0,0,3,1,0,0,66,4,2,0,0.2,0.2,0.0,1,0,48,58,82.8,4,53,0,1,758,225,0.0,1,1,1,0,58,0,0,0,1,0,0,0,0,0,0,0,1,0,4,0,25.0,3,0,6,0,0,2,3,100.0,0,0.0,0,1,1,49,0,0,0,0,0,0,0,7,2,100.0,,,,,,,,,,,,,
4,Conor Coady,2928dca2,30,ENG,CB,29,90,0,1,0,0,0,0,0,0,52,0,0,1,0.0,0.0,0.1,1,1,41,46,89.1,4,31,0,0,927,459,0.2,1,5,0,0,45,1,1,1,1,0,0,0,0,0,0,0,0,0,0,0,,0,0,0,4,0,11,0,,0,,0,0,0,38,0,0,0,4,0,0,0,5,1,50.0,,,,,,,,,,,,,
4,David Raya,98ea5115,1,ESP,GK,26,90,0,0,0,0,0,0,0,0,43,0,0,0,0.0,0.0,0.0,0,0,36,40,90.0,1,32,0,0,886,626,0.0,0,0,0,0,30,10,3,0,0,0,0,0,0,0,0,0,0,0,0,0,,0,0,0,0,0,27,0,,0,,0,0,0,22,0,0,0,1,0,0,0,0,0,,7,1,6,85.7,1.4,7,21.2,27.8,11,1,9.1,0,9.0
4,Demarai Gray,4468ec10,11,ENG,LW,26,90,0,0,0,0,2,0,0,0,35,0,1,1,0.2,0.2,0.1,3,0,13,19,68.4,1,18,2,0,267,91,0.1,2,1,0,0,15,4,0,0,0,3,0,2,2,0,0,0,0,0,0,0,,0,0,1,0,0,1,6,0.0,1,100.0,2,7,0,19,8,0,1,0,0,0,0,4,0,0.0,,,,,,,,,,,,,
4,Dwight McNeil,fc15fb84,7,ENG,FW,22,85,0,0,0,0,1,0,0,0,50,1,0,1,0.1,0.1,0.1,5,0,26,37,70.3,4,24,2,4,448,105,0.1,1,2,1,0,34,3,0,1,0,4,0,3,3,0,0,0,1,1,0,0,,0,1,1,0,0,0,3,66.7,2,33.3,0,1,4,29,4,0,0,0,0,0,0,3,0,0.0,,,,,,,,,,,,,
4,Ivan Toney,e09f279b,17,ENG,FW,26,90,0,0,0,0,2,0,0,0,26,0,0,0,0.3,0.3,0.1,3,0,13,17,76.5,2,17,0,0,211,79,0.1,1,1,2,1,15,2,0,0,0,1,0,0,0,0,0,0,0,0,0,0,,0,0,0,1,0,1,2,0.0,1,100.0,0,3,1,18,1,0,3,1,0,0,0,3,1,16.7,,,,,,,,,,,,,
4,James Tarkowski,15ea812b,2,ENG,CB,29,90,0,0,0,0,2,1,0,0,61,2,2,2,0.3,0.3,0.0,1,0,34,42,81.0,5,18,0,0,635,285,0.0,0,5,0,0,41,0,0,0,1,0,0,0,0,0,0,1,2,1,1,0,100.0,0,0,4,10,0,12,2,,0,,0,0,0,33,1,0,0,1,0,0,0,3,7,100.0,,,,,,,,,,,,,
4,Jordan Pickford,4806ec67,1,ENG,GK,28,90,0,0,0,0,0,0,1,0,44,0,1,0,0.0,0.0,0.0,0,0,17,38,44.7,0,20,0,0,769,614,0.0,0,4,0,0,21,16,4,0,0,0,0,0,0,0,0,1,0,0,0,0,,0,0,1,2,0,35,0,,0,,0,1,0,16,0,0,0,0,0,0,0,0,1,100.0,5,1,4,80.0,1.4,4,72.0,50.4,26,1,3.8,4,12.9
4,Josh Dasilva,60344e4f,10,ENG,RM,23,89,0,0,0,0,1,1,0,0,72,2,0,1,0.1,0.1,0.0,6,0,55,62,88.7,4,60,6,3,816,118,0.1,1,4,1,1,61,1,0,0,0,2,1,0,0,0,0,0,1,1,1,0,50.0,1,1,2,0,0,1,2,42.9,3,42.9,1,0,5,58,8,0,0,0,0,0,0,7,1,100.0,,,,,,,,,,,,,
4,Keane Lewis-Potter,41f08ac8,23,ENG,AM,21,23,0,1,0,0,1,0,0,0,14,0,0,0,0.0,0.0,0.8,3,1,8,9,88.9,1,10,0,0,106,12,0.2,3,0,1,0,9,0,0,0,0,0,0,0,0,0,0,0,0,0,0,0,,0,0,0,0,0,0,4,0.0,1,100.0,0,0,0,10,4,0,0,1,0,0,0,1,0,0.0,,,,,,,,,,,,,
4,Mads Bech Sørensen,30db8574,29,DEN,CM,23,1,0,0,0,0,0,0,0,0,1,0,0,0,0.0,0.0,0.0,0,0,1,1,100.0,0,0,0,0,23,0,0.0,0,0,0,0,0,1,0,0,0,0,1,0,0,0,0,0,0,0,0,0,,0,0,0,0,0,0,0,,0,,0,0,0,0,0,0,0,0,0,0,0,0,0,,,,,,,,,,,,,,
4,Mason Holgate,d0042ab9,4,ENG,CB,25,67,0,0,0,0,0,0,0,0,43,0,1,2,0.0,0.0,0.0,2,1,24,31,77.4,2,16,2,0,458,113,0.0,1,2,1,0,28,3,2,0,0,0,1,0,0,0,0,0,0,0,0,0,,0,2,1,7,0,9,0,,0,,0,1,0,21,0,0,2,1,0,0,0,6,2,66.7,,,,,,,,,,,,,
4,Mathias Jensen,0f134faf,8,DEN,LM,26,90,0,0,0,0,2,0,0,0,85,3,0,1,0.0,0.0,0.3,6,0,48,78,61.5,4,52,4,0,909,321,0.1,3,7,2,1,61,17,3,0,2,10,7,7,4,1,0,0,1,0,3,0,0.0,1,1,3,0,0,1,0,0.0,1,50.0,0,2,0,57,3,0,0,1,0,0,0,5,1,100.0,,,,,,,,,,,,,
4,Mathias Jørgensen,0db5d2c8,13,DEN,CB,32,67,0,0,0,0,0,0,0,0,65,1,1,2,0.0,0.0,0.1,1,0,55,59,93.2,7,48,0,0,900,321,0.1,1,7,0,0,57,2,1,0,0,0,1,0,0,0,0,0,0,1,0,0,100.0,0,0,2,2,0,4,1,,0,,0,0,0,47,0,0,0,0,0,0,0,2,3,100.0,,,,,,,,,,,,,
4,Michael Keane,c5b7c315,5,ENG,CB,29,23,0,0,0,0,0,0,0,0,10,0,0,0,0.0,0.0,0.0,1,0,2,4,50.0,0,1,0,0,21,8,0.0,0,1,0,0,4,0,0,0,0,0,0,0,0,0,0,0,0,0,0,0,,0,0,0,4,0,4,0,,0,,0,1,0,3,0,0,1,0,0,0,0,0,0,0.0,,,,,,,,,,,,,
4,Mikkel Damsgaard,215f3907,24,DEN,AM,22,13,0,0,0,0,0,0,0,0,7,0,0,0,0.0,0.0,0.0,0,0,7,7,100.0,1,4,0,0,74,9,0.0,0,0,1,0,7,0,0,0,0,0,0,0,0,0,0,0,0,0,0,0,0.0,1,0,0,0,0,0,0,,0,,0,0,0,4,0,0,0,0,0,0,0,0,1,100.0,,,,,,,,,,,,,
4,Nathan Patterson,230f0471,3,SCO,RM,20,90,0,0,0,0,1,0,0,0,59,4,2,0,0.1,0.1,0.2,5,0,39,48,81.3,3,22,0,1,572,221,0.2,1,2,2,1,41,7,0,0,0,4,7,0,0,0,0,0,2,3,1,0,50.0,1,0,6,1,0,2,2,100.0,0,0.0,0,2,0,35,10,0,0,0,0,0,0,7,1,50.0,,,,,,,,,,,,,
4,Rico Henry,8a3c1dc7,3,ENG,LB,25,90,0,0,0,0,0,0,0,0,57,1,1,2,0.0,0.0,0.2,3,0,33,48,68.8,3,28,2,0,488,158,0.2,2,0,3,1,37,11,0,0,0,8,11,0,0,0,0,0,1,0,1,0,100.0,0,1,2,1,0,3,2,,0,,1,1,4,29,3,0,0,1,0,0,0,2,1,25.0,,,,,,,,,,,,,
4,Rúben Vinagre,b937e490,29,POR,LM,23,5,0,0,0,0,0,0,0,0,6,1,0,0,0.0,0.0,0.0,0,0,1,4,25.0,0,2,1,1,20,0,0.0,0,0,0,0,4,0,0,0,0,1,0,0,0,0,0,0,1,1,0,0,,0,0,1,0,0,0,0,50.0,0,0.0,0,0,0,3,1,0,0,1,0,0,0,1,0,,,,,,,,,,,,,,
4,Salomón Rondón,b318a643,33,VEN,FW,32,5,0,0,0,0,0,0,0,0,4,0,0,0,0.0,0.0,0.0,0,0,1,4,25.0,0,1,0,0,4,2,0.0,0,0,0,0,4,0,0,0,0,0,0,0,0,0,0,0,0,0,0,0,,0,0,0,0,0,0,0,,0,,0,0,0,3,0,0,1,0,0,0,0,0,2,66.7,,,,,,,,,,,,,
4,Shandon Baptiste,2886c9b5,26,GRN,CM,24,23,0,0,0,0,0,0,0,0,19,0,0,0,0.0,0.0,0.0,0,0,16,18,88.9,1,17,0,0,265,55,0.0,0,2,1,1,18,0,0,0,0,1,0,0,0,0,0,0,0,0,0,0,0.0,1,0,0,0,0,0,0,,0,,0,1,1,19,2,0,0,1,0,0,0,0,0,0.0,,,,,,,,,,,,,
4,Tom Davies,9228b07c,26,ENG,CM,24,13,0,0,0,0,0,0,0,0,8,0,1,0,0.0,0.0,0.0,0,0,2,3,66.7,0,2,0,1,23,0,0.0,0,0,0,0,3,0,0,0,0,0,0,0,0,0,0,0,0,0,0,0,,0,0,1,2,0,2,0,100.0,0,0.0,0,1,0,3,0,0,0,0,0,0,0,0,0,,,,,,,,,,,,,,
4,Vitaliy Mykolenko,30d4a2e5,19,UKR,LM,23,85,0,0,0,0,1,1,0,0,40,1,1,0,0.1,0.1,0.0,2,0,25,30,83.3,4,16,0,0,404,128,0.0,1,0,2,1,26,4,0,0,0,1,4,0,0,0,0,0,1,1,0,0,,0,0,2,1,0,4,2,0.0,1,100.0,0,0,0,23,1,0,0,0,0,0,0,3,1,50.0,,,,,,,,,,,,,
4,Vitaly Janelt,8449d35e,27,GER,CB,24,22,1,0,0,0,3,2,0,0,29,0,0,1,0.8,0.8,0.0,2,0,21,24,87.5,2,21,1,1,301,56,0.1,0,1,0,0,24,0,0,0,0,1,0,0,0,0,0,0,0,0,0,0,,0,1,0,0,0,1,6,100.0,0,0.0,0,0,0,22,0,0,1,0,0,0,0,1,1,50.0,,,,,,,,,,,,,
4,Yoane Wissa,2500cef9,11,COD,LW,25,67,0,0,0,0,1,0,1,0,13,1,0,1,0.4,0.4,0.0,1,0,2,5,40.0,0,4,0,0,21,9,0.0,0,1,0,0,5,0,0,0,0,0,0,0,0,0,0,0,1,1,0,0,0.0,1,1,1,0,0,0,3,0.0,1,100.0,0,1,1,4,1,0,3,1,0,0,0,1,1,50.0,,,,,,,,,,,,,
4,Adam Smith,20b104bc,15,ENG,RB,31,45,0,0,0,0,0,0,1,0,22,4,0,0,0.0,0.0,0.0,0,0,11,17,64.7,1,4,0,0,138,34,0.0,0,0,0,0,13,4,0,0,0,0,4,0,0,0,0,0,2,4,0,0,100.0,0,0,4,0,0,2,0,,0,,0,2,0,9,0,0,1,0,0,0,0,2,0,0.0,,,,,,,,,,,,,
4,Alisson,7a2e46a8,1,BRA,GK,29,90,0,0,0,0,0,0,0,0,26,0,0,0,0.0,0.0,0.0,0,0,23,25,92.0,0,18,0,0,532,312,0.0,0,0,0,0,21,4,1,0,0,0,0,0,0,0,0,0,0,0,0,0,,0,0,0,1,0,20,0,,0,,0,0,0,13,0,0,0,0,0,0,0,1,0,,2,0,2,100.0,0.6,5,9.1,25.3,5,0,0.0,4,35.5
4,Andrew Robertson,2e4f5f03,26,SCO,LB,28,68,0,1,0,0,1,0,0,0,65,0,0,0,0.1,0.1,0.1,2,1,55,64,85.9,3,39,2,1,856,202,0.0,1,3,0,0,57,7,1,0,2,3,3,3,1,1,0,0,0,0,0,0,0.0,1,0,0,0,0,0,1,100.0,0,0.0,1,0,1,53,10,0,0,0,0,0,0,1,2,100.0,,,,,,,,,,,,,
4,Ben Pearson,a6b461e7,22,ENG,CM,27,5,0,0,0,0,0,0,0,0,1,0,0,1,0.0,0.0,0.0,0,0,0,0,,0,0,0,0,0,0,0.0,0,0,0,0,0,0,0,0,0,0,0,0,0,0,0,0,0,0,0,0,,0,1,0,0,0,0,0,,0,,0,0,0,0,0,0,0,0,0,0,0,0,0,,,,,,,,,,,,,,
4,Bobby Clark,73341ace,42,ENG,LM,17,8,0,0,0,0,0,0,0,0,7,0,0,2,0.0,0.0,0.0,0,0,1,1,100.0,1,3,0,0,29,17,0.1,0,0,1,0,1,0,0,0,0,0,0,0,0,0,0,0,0,0,0,0,,0,2,0,0,0,0,1,0.0,1,100.0,0,2,0,3,2,0,1,0,0,0,0,0,0,,,,,,,,,,,,,,
4,Chris Mepham,fed96827,6,WAL,CB,24,81,0,0,0,0,0,0,0,0,40,0,0,1,0.0,0.0,0.0,0,0,27,34,79.4,1,10,0,0,464,173,0.0,0,0,0,0,33,1,1,0,0,0,0,0,0,0,0,0,0,0,0,0,0.0,1,1,0,4,0,9,0,0.0,0,0.0,0,0,0,24,0,0,0,1,0,0,1,4,0,,,,,,,,,,,,,,
4,Dominic Solanke,e77dc3b2,9,ENG,LM,24,45,0,0,0,0,0,0,0,0,14,0,0,0,0.0,0.0,0.0,0,0,5,9,55.6,0,6,1,1,28,12,0.0,0,0,0,0,9,0,0,0,0,0,0,0,0,0,0,0,0,0,0,0,0.0,2,0,0,0,0,1,1,100.0,0,0.0,1,3,0,10,2,0,2,1,0,0,0,0,1,50.0,,,,,,,,,,,,,
4,Emiliano Marcondes,4d960fc3,11,DEN,CM,27,9,0,0,0,0,0,0,0,0,3,0,0,0,0.0,0.0,0.0,0,0,1,1,100.0,1,2,0,0,56,37,0.0,0,1,0,0,1,0,0,0,0,0,0,0,0,0,0,0,0,0,0,0,,0,0,0,1,0,1,0,0.0,0,0.0,0,0,0,2,0,0,0,1,0,0,0,1,0,,,,,,,,,,,,,,
4,Fabinho,7f3b388c,3,BRA,CM,28,90,0,0,0,0,0,0,0,0,60,5,0,0,0.0,0.0,0.3,3,1,45,51,88.2,9,34,0,0,743,226,0.2,1,4,1,0,51,0,0,1,0,0,0,0,0,0,0,0,4,0,5,0,50.0,2,0,5,0,0,1,0,,0,,0,2,0,39,3,0,1,0,0,0,0,7,2,33.3,,,,,,,,,,,,,
4,Fabio Carvalho,966e28d0,28,POR,LW,19,45,1,0,0,0,1,1,0,0,23,2,0,2,0.1,0.1,0.0,1,0,13,16,81.3,1,14,0,0,175,15,0.0,0,0,0,0,15,1,0,0,0,1,0,0,0,0,0,0,2,0,0,2,100.0,0,2,2,0,0,0,4,0.0,2,100.0,0,1,0,15,4,0,0,0,0,0,0,2,0,0.0,,,,,,,,,,,,,
4,Harvey Elliott,c8387671,19,ENG,RM,19,45,1,0,0,0,1,1,0,0,42,0,0,0,0.0,0.0,0.8,5,2,32,40,80.0,5,28,1,2,389,129,0.8,1,4,1,1,38,0,0,0,0,2,0,0,0,0,0,2,0,0,0,0,,0,0,0,0,0,0,2,100.0,0,0.0,0,0,0,36,2,0,0,0,0,0,0,0,0,,,,,,,,,,,,,,
4,Jaidon Anthony,e4238fb1,32,ENG,RB,22,90,0,0,0,0,1,1,0,0,27,1,0,0,0.0,0.0,0.0,0,0,14,24,58.3,1,14,0,0,223,59,0.0,0,0,1,0,18,6,0,0,1,1,5,1,1,0,0,0,0,1,0,0,33.3,2,0,1,0,0,0,0,0.0,1,100.0,0,0,1,17,3,0,0,0,0,0,0,3,0,0.0,,,,,,,,,,,,,
4,James Milner,2f90f6b8,7,ENG,LM,36,22,0,0,0,0,1,1,0,0,24,0,0,1,0.1,0.1,0.0,0,0,20,22,90.9,3,15,1,0,348,87,0.0,0,2,1,0,19,3,1,0,0,0,2,0,0,0,0,0,0,0,0,0,,0,1,0,0,0,0,1,,0,,0,0,0,19,1,0,0,0,0,0,0,3,0,0.0,,,,,,,,,,,,,
4,Jefferson Lerma,9b5ce51a,8,COL,CB,27,90,0,0,0,0,1,0,0,0,40,1,1,0,0.1,0.1,0.0,1,0,23,33,69.7,2,10,0,0,357,82,0.1,0,0,0,0,33,0,0,0,0,0,0,0,0,0,0,0,1,1,0,0,33.3,2,0,2,3,0,6,2,,0,,0,2,0,23,0,0,1,1,0,0,0,6,2,50.0,,,,,,,,,,,,,
4,Joe Gomez,7a11550b,2,ENG,CB,25,90,0,0,0,0,0,0,0,0,93,0,2,2,0.0,0.0,0.0,0,0,73,84,86.9,6,72,1,2,1509,428,0.0,0,9,0,0,84,0,0,0,0,0,0,0,0,0,0,0,0,0,0,0,0.0,2,1,2,0,0,0,0,100.0,0,0.0,0,0,0,68,0,0,2,1,0,0,0,9,3,50.0,,,,,,,,,,,,,
4,Jordan Henderson,935e6b8f,14,ENG,LM,32,69,0,0,0,0,0,0,0,0,67,1,2,0,0.0,0.0,0.0,1,0,52,62,83.9,9,45,3,1,979,224,0.1,0,8,3,0,60,2,1,0,1,0,1,0,0,0,0,0,1,0,1,0,100.0,0,0,3,1,0,1,2,33.3,2,66.7,0,0,1,58,3,0,0,1,0,0,0,4,2,100.0,,,,,,,,,,,,,
4,Jordan Zemura,e8271ad9,33,ZIM,LB,22,90,0,0,0,0,0,0,0,0,54,5,4,2,0.0,0.0,0.0,1,0,26,38,68.4,8,16,3,0,424,316,0.0,1,5,2,0,26,12,1,0,0,1,11,0,0,0,0,0,4,3,2,0,100.0,0,2,9,2,0,7,0,0.0,1,100.0,0,2,1,25,1,0,0,0,0,0,0,2,0,,,,,,,,,,,,,,
4,Kieffer Moore,01ce9e70,21,WAL,FW,30,90,0,0,0,0,2,1,0,0,40,1,0,1,0.2,0.2,0.0,3,0,18,31,58.1,2,10,0,1,244,21,0.0,0,1,0,0,21,10,0,0,0,0,0,0,0,0,0,0,1,0,1,0,0.0,2,0,1,0,0,1,1,50.0,0,0.0,0,2,2,24,3,0,0,2,0,0,0,3,8,47.1,,,,,,,,,,,,,
4,Kostas Tsimikas,f315ca93,21,GRE,LB,26,22,0,2,0,0,0,0,0,0,18,0,0,1,0.0,0.0,0.4,2,2,14,16,87.5,1,10,0,0,200,37,0.2,2,1,0,0,11,5,0,0,0,1,3,2,1,0,0,0,0,0,0,0,,0,1,0,0,0,0,1,,0,,0,1,0,11,4,0,0,0,0,0,0,1,0,,,,,,,,,,,,,,
4,Lewis Cook,2afc7272,4,ENG,DM,25,76,0,0,0,0,0,0,0,0,37,2,1,2,0.0,0.0,0.0,0,0,24,34,70.6,1,9,0,1,407,110,0.0,0,1,0,0,34,0,0,0,0,0,0,0,0,0,0,0,1,0,2,0,100.0,0,2,3,0,0,2,0,100.0,0,0.0,0,0,0,25,0,0,0,0,0,0,0,7,0,,,,,,,,,,,,,,
4,Luis Díaz,4a1a9578,23,COL,LW,25,90,2,0,0,0,2,2,0,0,53,1,1,0,0.4,0.4,0.0,1,0,46,48,95.8,4,38,3,2,599,114,0.1,1,6,2,1,47,1,0,0,0,1,1,0,0,0,0,0,0,0,1,0,,0,0,2,0,0,0,5,50.0,2,50.0,0,0,2,43,8,0,1,0,0,0,0,7,1,33.3,,,,,,,,,,,,,
4,Marcos Senesi,35141f4c,25,ARG,CB,25,90,0,0,0,0,0,0,0,0,39,4,2,2,0.0,0.0,0.0,1,0,22,26,84.6,1,10,0,0,424,219,0.0,0,2,0,0,25,1,1,0,0,0,0,0,0,0,0,0,2,3,1,0,100.0,0,2,6,5,0,10,0,,0,,0,0,0,16,0,0,0,0,0,0,0,3,0,,,,,,,,,,,,,,
4,Marcus Tavernier,5c0da4a4,16,ENG,RM,23,90,0,0,0,0,0,0,0,0,34,0,0,1,0.0,0.0,0.1,3,0,19,25,76.0,1,19,1,2,270,122,0.1,3,2,0,0,23,2,2,0,0,3,0,0,0,0,0,0,0,0,0,0,0.0,1,1,0,1,0,3,1,66.7,1,33.3,0,3,3,22,9,0,0,0,0,0,0,5,1,50.0,,,,,,,,,,,,,
4,Mark Travers,fe558029,1,IRL,GK,23,90,0,0,0,0,0,0,0,0,36,0,0,1,0.0,0.0,0.0,0,0,17,30,56.7,0,11,0,0,898,840,0.0,0,0,0,0,16,14,3,0,0,0,0,0,0,0,0,0,0,0,0,0,,0,1,0,1,0,36,0,,0,,0,0,0,8,0,0,0,0,0,0,0,0,0,,12,9,4,25.0,3.9,3,78.9,52.4,15,1,6.7,0,4.7
4,Mohamed Salah,e342ad68,11,EGY,RW,30,90,0,0,0,0,4,1,0,0,53,0,0,1,1.2,1.2,0.1,3,1,31,39,79.5,7,39,7,0,382,124,0.1,2,0,3,0,39,0,0,0,0,0,0,0,0,0,0,0,0,0,0,0,,0,1,0,0,0,0,13,0.0,3,100.0,5,4,2,47,20,0,1,1,0,0,0,2,0,,,,,,,,,,,,,,
4,Owen Bevan,87966294,35,WAL,CB,18,9,0,0,0,0,0,0,0,0,3,0,0,0,0.0,0.0,0.0,0,0,2,3,66.7,0,1,0,0,38,7,0.0,0,0,0,0,3,0,0,0,0,0,0,0,0,0,0,0,0,0,0,0,,0,0,0,0,0,0,0,,0,,0,0,0,1,0,0,0,0,0,0,0,1,0,,,,,,,,,,,,,,
4,Philip Billing,d328a254,29,DEN,CM,26,45,0,0,0,0,0,0,0,0,22,1,2,0,0.0,0.0,0.0,0,0,11,16,68.8,1,6,0,1,156,49,0.0,0,0,0,0,15,1,1,0,0,0,0,0,0,0,0,0,0,0,1,0,,0,0,3,1,0,2,0,33.3,2,66.7,0,0,0,11,2,0,0,0,0,0,0,5,1,50.0,,,,,,,,,,,,,
4,Roberto Firmino,4c370d81,9,BRA,FW,30,68,2,3,0,0,5,4,0,0,44,0,1,0,1.2,1.2,0.3,6,5,21,31,67.7,3,26,1,0,283,70,0.4,4,1,1,0,31,0,0,1,0,1,0,0,0,0,0,0,0,0,0,0,0.0,1,0,1,0,0,0,11,0.0,2,100.0,0,1,2,34,10,0,0,1,0,0,0,4,0,,,,,,,,,,,,,,
4,Ryan Christie,26ce2263,10,SCO,AM,27,45,0,0,0,0,1,0,0,0,17,1,1,2,0.0,0.0,0.2,1,0,9,10,90.0,2,8,0,0,151,32,0.4,1,1,0,0,10,0,0,0,0,0,0,0,0,0,0,0,1,0,1,0,,0,2,2,0,0,0,3,,0,,0,2,0,10,1,0,1,0,0,0,0,2,1,100.0,,,,,,,,,,,,,
4,Stefan Bajcetic,32e8417f,43,ESP,RM,17,21,0,0,0,0,0,0,0,0,18,0,0,0,0.0,0.0,0.0,1,0,12,15,80.0,2,10,0,1,191,25,0.0,0,3,0,0,14,1,1,0,0,0,0,0,0,0,0,0,0,0,0,0,,0,0,0,0,0,0,0,100.0,0,0.0,0,0,0,10,0,0,0,1,0,0,0,3,0,,,,,,,,,,,,,,
4,Trent Alexander-Arnold,cd1acf9d,66,ENG,RB,23,82,1,0,0,0,1,1,0,0,121,2,2,1,0.0,0.0,0.2,7,2,97,115,84.3,11,86,4,0,2010,713,0.3,3,13,6,2,103,11,0,0,2,11,8,3,1,2,0,1,2,2,0,0,100.0,0,1,4,0,0,3,2,,0,,2,1,0,90,6,0,0,0,0,0,0,12,0,,,,,,,,,,,,,,
4,Virgil van Dijk,e06683ca,4,NED,CB,31,90,1,0,0,0,3,1,0,0,107,1,1,0,0.2,0.2,0.0,1,0,89,99,89.9,9,77,1,1,1821,638,0.1,0,13,0,0,98,1,0,1,0,0,1,0,0,0,0,0,1,0,1,0,,0,0,2,1,0,6,4,100.0,0,0.0,0,0,0,81,1,0,0,0,0,0,0,9,8,72.7,,,,,,,,,,,,,
4,Aaron Ramsdale,466fb2c5,1,ENG,GK,24,90,0,0,0,0,0,0,0,0,33,0,0,0,0.0,0.0,0.0,0,0,21,30,70.0,0,18,0,0,480,321,0.0,0,1,0,0,21,9,1,0,0,0,0,0,0,0,0,0,0,0,0,0,,0,0,0,0,0,22,0,,0,,0,0,0,15,0,0,0,0,0,0,0,0,0,,3,1,2,66.7,1.1,5,31.8,30.8,10,2,20.0,0,14.5
4,Aleksandar Mitrović,3925dbd6,9,SRB,FW,27,90,1,0,0,0,4,2,0,0,36,1,0,2,0.2,0.2,0.1,3,0,8,18,44.4,3,19,1,1,171,38,0.0,1,2,1,0,18,0,0,0,2,0,0,0,0,0,0,0,0,0,0,1,0.0,1,2,1,2,0,2,4,33.3,1,33.3,0,4,2,27,3,0,1,2,0,0,0,2,6,66.7,,,,,,,,,,,,,
4,Andreas Pereira,6639e500,18,BRA,AM,26,78,0,0,0,0,1,0,0,0,24,0,0,1,0.1,0.1,0.2,3,0,13,16,81.3,2,15,1,0,264,96,0.2,3,2,1,1,11,5,1,0,0,4,0,2,0,2,0,0,0,0,0,0,0.0,1,1,0,0,0,0,0,0.0,4,100.0,0,1,1,14,3,0,2,0,0,0,0,3,0,,,,,,,,,,,,,,
4,Antonee Robinson,289601e6,33,USA,LB,25,90,0,0,0,0,0,0,1,0,48,6,3,4,0.0,0.0,0.0,2,0,21,32,65.6,2,17,1,1,414,315,0.0,0,1,1,1,22,10,1,0,0,1,9,0,0,0,0,0,4,5,1,0,80.0,1,2,9,5,1,10,0,33.3,0,0.0,0,0,2,11,1,0,1,1,0,0,0,11,1,25.0,,,,,,,,,,,,,
4,Ben White,35e413f1,4,ENG,RB,24,90,0,0,0,0,0,0,1,0,78,2,0,4,0.0,0.0,0.0,2,0,61,69,88.4,9,44,0,0,1056,375,0.0,0,5,2,0,62,7,1,0,0,1,6,0,0,0,0,0,2,0,2,0,100.0,0,3,2,0,0,1,2,0.0,1,100.0,0,2,0,51,2,0,1,0,0,0,0,5,1,50.0,,,,,,,,,,,,,
4,Bernd Leno,2628fd2b,17,GER,GK,30,90,0,0,0,0,0,0,0,0,30,0,0,0,0.0,0.0,0.0,0,0,21,27,77.8,0,19,0,0,549,398,0.0,0,1,0,0,17,10,0,0,0,0,0,0,0,0,0,0,0,0,0,0,,0,0,0,0,0,29,0,,0,,0,0,0,4,0,0,0,0,0,0,0,1,1,100.0,8,2,6,75.0,1.9,7,35.3,32.8,17,3,17.6,0,7.0
4,Bobby Reid,0f7533cd,14,JAM,RW,29,90,0,0,0,0,4,0,1,0,27,1,1,3,0.4,0.4,0.0,3,0,8,14,57.1,1,13,2,0,121,46,0.0,1,0,1,1,14,0,0,0,0,2,0,0,0,0,0,0,0,0,1,0,,0,1,2,2,0,2,4,,0,,0,1,1,16,3,0,0,1,0,0,0,3,2,50.0,,,,,,,,,,,,,
4,Bukayo Saka,bc7dc64d,7,ENG,RW,20,90,0,1,0,0,2,1,0,0,62,0,1,3,0.5,0.5,0.2,3,1,39,49,79.6,6,39,6,3,618,119,0.1,2,0,3,0,45,4,0,0,1,3,2,2,2,0,0,0,0,0,0,0,,0,3,1,0,0,0,6,25.0,4,33.3,3,3,2,47,16,0,0,1,0,0,0,3,1,50.0,,,,,,,,,,,,,
4,Eddie Nketiah,a53649b7,14,ENG,AM,23,30,0,0,0,0,3,1,0,0,11,1,0,0,0.4,0.4,0.0,2,0,4,5,80.0,0,9,2,3,61,7,0.0,0,0,0,0,5,0,0,0,0,0,0,0,0,0,0,0,1,0,1,0,0.0,1,0,1,1,0,1,5,100.0,0,0.0,1,1,0,9,4,0,0,1,0,0,0,0,0,0.0,,,,,,,,,,,,,
4,Gabriel Dos Santos,67ac5bb8,6,BRA,CB,24,90,1,0,0,0,1,1,0,0,93,3,1,2,0.7,0.7,0.2,1,0,77,83,92.8,6,59,0,0,1538,461,0.0,1,8,1,0,78,5,2,0,0,0,1,0,0,0,0,0,2,0,2,1,100.0,0,2,4,1,1,8,2,,0,,0,0,1,67,1,0,0,0,0,0,0,5,3,75.0,,,,,,,,,,,,,
4,Gabriel Jesus,b66315ae,9,BRA,FW,25,88,0,0,0,0,4,1,1,0,52,0,1,2,0.3,0.3,0.2,4,0,24,35,68.6,2,22,1,1,349,102,0.1,2,1,1,1,30,5,0,0,0,2,3,0,0,0,0,0,0,0,0,0,,0,2,1,0,0,0,14,25.0,2,50.0,0,3,5,39,11,0,0,5,0,0,0,3,3,33.3,,,,,,,,,,,,,
4,Granit Xhaka,e61b8aee,34,SUI,LM,29,90,0,0,0,0,1,0,0,0,67,0,1,1,0.1,0.1,0.2,5,0,47,60,78.3,8,39,2,0,906,248,0.1,2,5,0,0,57,3,2,0,0,1,1,0,0,0,0,0,0,0,0,0,,0,1,1,1,0,2,5,0.0,0,0.0,1,0,2,49,9,0,0,1,0,0,0,7,1,100.0,,,,,,,,,,,,,
4,Harrison Reed,803ae100,6,ENG,DM,27,90,0,0,0,0,0,0,0,0,24,0,0,0,0.0,0.0,0.1,2,0,14,21,66.7,4,5,0,0,199,80,0.0,2,3,0,0,19,2,1,0,0,1,0,0,0,0,0,0,0,0,0,0,0.0,3,0,0,2,0,2,0,,0,,0,1,0,10,1,0,0,0,0,0,0,3,0,,,,,,,,,,,,,,
4,Issa Diop,a712ca2b,31,FRA,CB,25,12,0,0,0,0,0,0,0,0,5,0,0,1,0.0,0.0,0.0,0,0,2,2,100.0,0,1,0,0,59,33,0.0,0,0,0,0,2,0,0,0,0,0,0,0,0,0,0,0,0,0,0,0,,0,0,0,1,0,2,0,,0,,0,0,0,2,0,0,0,0,0,0,0,0,2,100.0,,,,,,,,,,,,,
4,Jay Stansfield,b2626673,65,ENG,LW,19,3,0,0,0,0,0,0,0,0,3,0,0,0,0.0,0.0,0.0,0,0,0,2,0.0,0,2,0,0,0,0,0.0,0,0,0,0,2,0,0,0,0,1,0,0,0,0,0,0,0,0,0,0,,0,0,0,0,0,0,2,,0,,0,0,0,2,2,0,0,0,0,0,0,0,0,,,,,,,,,,,,,,
4,João Palhinha,a78ff07f,26,POR,DM,27,87,0,0,0,0,1,0,1,0,26,5,2,2,0.1,0.1,0.0,0,0,8,13,61.5,0,7,0,0,90,44,0.0,0,0,0,0,13,0,0,0,0,0,0,0,0,0,0,0,2,3,2,0,16.7,5,2,7,3,0,5,1,,0,,0,1,1,7,0,0,1,0,0,0,0,6,2,100.0,,,,,,,,,,,,,
4,Kenny Tete,77d7c96f,2,NED,RB,26,78,0,0,0,0,0,0,0,0,40,4,1,2,0.0,0.0,0.0,2,0,18,30,60.0,1,13,0,0,248,129,0.0,0,1,0,0,24,6,0,0,0,1,6,0,0,0,0,0,1,3,1,0,100.0,0,0,5,3,0,6,0,,0,,0,1,0,12,0,0,3,0,0,0,0,4,4,80.0,,,,,,,,,,,,,
4,Kevin Mbabu,493924a7,27,SUI,RB,27,12,0,0,0,0,0,0,0,0,8,0,0,0,0.0,0.0,0.0,0,0,3,6,50.0,1,2,0,1,53,38,0.0,0,0,1,0,3,3,0,0,0,0,3,0,0,0,0,0,0,0,0,0,0.0,1,0,0,1,0,1,0,100.0,0,0.0,0,0,0,1,0,0,0,0,0,0,0,0,0,,,,,,,,,,,,,,
4,Kieran Tierney,fce2302c,3,SCO,LB,25,60,0,0,0,0,1,0,0,0,46,0,2,2,0.0,0.0,0.0,1,0,28,39,71.8,4,27,0,0,622,156,0.0,1,1,1,1,35,3,0,0,0,1,3,0,0,0,0,1,0,0,0,0,,0,1,2,0,0,1,0,,0,,0,2,0,28,4,0,0,0,0,0,0,2,0,0.0,,,,,,,,,,,,,
4,Martin Ødegaard,79300479,8,NOR,RM,23,89,1,0,0,0,3,2,0,0,80,3,0,0,0.2,0.2,0.2,9,0,61,73,83.6,17,48,2,5,1055,398,0.5,2,11,4,1,70,3,3,2,2,2,0,0,0,0,0,0,2,0,1,2,0.0,2,0,3,1,0,2,3,100.0,0,0.0,0,3,4,62,6,0,1,0,0,0,0,11,0,0.0,,,,,,,,,,,,,
4,Martinelli,48a5a5d6,11,BRA,LW,21,90,0,0,0,0,7,2,0,0,63,4,0,3,0.6,0.6,0.4,8,1,29,42,69.0,6,30,3,1,527,188,0.4,5,2,3,0,33,9,1,0,0,9,1,7,4,0,0,0,2,1,1,2,0.0,1,3,4,0,0,0,10,33.3,2,66.7,3,1,1,35,10,0,1,2,0,0,0,2,1,25.0,,,,,,,,,,,,,
4,Mohamed Elneny,47a34c4f,25,EGY,CM,30,90,0,0,0,0,0,0,0,0,55,1,0,0,0.0,0.0,0.0,0,0,51,52,98.1,2,35,1,0,918,176,0.0,0,3,2,0,52,0,0,0,0,0,0,0,0,0,0,0,1,1,0,0,100.0,0,0,1,0,0,1,0,,0,,0,0,0,45,0,0,1,0,0,0,0,8,0,0.0,,,,,,,,,,,,,
4,Nathaniel Chalobah,422862ea,12,ENG,DM,27,3,0,0,0,0,1,1,0,0,3,0,0,0,0.1,0.1,0.0,0,0,1,2,50.0,0,4,0,0,23,0,0.0,0,0,0,0,2,0,0,0,0,0,0,0,0,0,0,0,0,0,0,0,,0,0,0,0,0,0,1,,0,,0,0,1,4,0,0,1,0,0,0,0,0,1,50.0,,,,,,,,,,,,,
4,Neeskens Kebano,18b999f4,7,COD,LW,30,68,0,0,0,0,0,0,0,0,20,2,0,2,0.0,0.0,0.2,2,0,7,11,63.6,0,12,3,0,117,36,0.1,2,0,1,1,11,0,0,0,0,1,0,0,0,0,0,0,0,1,1,0,100.0,0,2,2,0,0,1,2,0.0,1,100.0,2,2,0,13,2,0,0,2,0,0,0,2,0,,,,,,,,,,,,,,
4,Rob Holding,d79a8c87,16,ENG,CB,26,1,0,0,0,0,0,0,0,0,0,0,0,0,0.0,0.0,0.0,0,0,0,0,,0,0,0,0,0,0,0.0,0,0,0,0,0,0,0,0,0,0,0,0,0,0,0,0,0,0,0,0,,0,0,0,0,0,0,0,,0,,0,0,0,0,0,0,0,0,0,0,0,0,0,,,,,,,,,,,,,,
4,Takehiro Tomiyasu,b3af9be1,18,JPN,LB,23,2,0,0,0,0,0,0,0,0,3,0,1,0,0.0,0.0,0.0,0,0,0,2,0.0,0,2,0,0,0,0,0.0,0,0,0,0,2,0,0,0,0,0,0,0,0,0,0,0,0,0,0,0,,0,0,1,0,0,0,0,,0,,0,0,0,0,0,0,1,1,0,0,0,1,0,0.0,,,,,,,,,,,,,
4,Tim Ream,28b40c9c,13,USA,CB,34,87,0,0,0,0,0,0,0,0,44,2,5,2,0.0,0.0,0.0,0,0,21,30,70.0,0,19,0,1,404,206,0.0,0,0,0,0,29,1,1,0,1,0,0,0,0,0,0,0,2,1,1,0,50.0,1,1,7,7,0,10,0,50.0,0,0.0,0,0,0,19,0,0,2,0,0,0,0,4,3,75.0,,,,,,,,,,,,,
4,Tom Cairney,a8748947,10,SCO,AM,31,22,0,0,0,0,0,0,0,0,9,0,0,1,0.0,0.0,0.0,0,0,6,7,85.7,1,5,1,0,98,7,0.0,0,0,0,0,7,0,0,0,0,0,0,0,0,0,0,0,0,0,0,0,,0,1,0,0,0,0,0,,0,,0,0,0,4,0,0,0,0,0,0,0,2,0,,,,,,,,,,,,,,
4,Tosin Adarabioyo,c81d773d,4,ENG,CB,24,90,0,0,0,0,0,0,0,0,41,3,2,3,0.0,0.0,0.0,0,0,15,28,53.6,0,18,0,0,271,103,0.0,0,1,0,0,26,2,2,0,0,0,0,0,0,0,0,0,2,3,0,0,100.0,0,1,5,3,0,12,0,,0,,0,0,1,16,0,0,1,0,0,0,0,7,0,,,,,,,,,,,,,,
4,William Saliba,972aeb2a,12,FRA,CB,21,90,0,1,0,0,0,0,0,0,102,1,0,0,0.0,0.0,0.7,1,1,92,98,93.9,6,73,0,0,1860,646,0.0,1,5,0,0,97,1,1,0,0,0,0,0,0,0,0,0,1,0,1,0,100.0,0,0,1,1,0,5,1,,0,,0,0,0,82,0,0,1,1,0,0,0,6,1,33.3,,,,,,,,,,,,,
4,Allan Saint-Maximin,2b16cb1a,10,FRA,LW,25,89,1,0,0,0,5,3,0,0,51,0,1,0,0.2,0.2,0.1,6,0,25,34,73.5,7,36,6,3,462,158,0.1,1,3,2,0,34,0,0,0,1,2,0,0,0,0,0,0,0,0,0,0,,0,0,1,0,0,0,6,25.0,6,50.0,2,2,3,42,17,0,0,2,0,0,0,5,0,,,,,,,,,,,,,,
4,Chris Wood,4e9a0555,20,NZL,FW,30,64,0,0,0,0,2,1,0,0,12,0,0,1,0.2,0.2,0.1,2,0,7,8,87.5,0,8,0,0,77,0,0.0,1,0,0,0,8,0,0,0,0,0,0,0,0,0,0,0,0,0,0,0,,0,0,0,0,0,0,3,,0,,0,1,1,11,5,0,2,0,0,0,0,0,1,50.0,,,,,,,,,,,,,
4,Dan Burn,b2d31e83,33,ENG,LB,30,64,0,0,0,0,0,0,0,0,42,2,1,1,0.0,0.0,0.0,0,0,28,34,82.4,4,12,0,0,491,174,0.0,0,3,1,1,27,7,2,0,0,1,5,0,0,0,0,0,1,2,0,0,100.0,0,1,3,1,0,5,1,,0,,0,0,0,21,0,0,1,0,0,0,0,0,2,66.7,,,,,,,,,,,,,
4,Daniel Podence,7fcc71d8,10,POR,RW,26,8,0,0,0,0,0,0,0,0,4,0,0,0,0.0,0.0,0.0,0,0,1,4,25.0,1,4,1,0,12,4,0.0,0,0,1,0,4,0,0,0,0,0,0,0,0,0,0,0,0,0,0,0,,0,0,0,0,0,0,0,,0,,0,0,0,4,0,0,0,0,0,0,0,1,0,,,,,,,,,,,,,,
4,Elliot Anderson,de31038e,32,SCO,RM,19,7,0,0,0,0,2,1,0,0,13,1,0,1,0.3,0.3,0.0,2,0,4,5,80.0,2,6,0,1,104,52,0.0,0,1,0,0,5,0,0,0,0,0,0,0,0,0,0,0,1,1,0,0,,0,0,1,0,0,1,3,50.0,0,0.0,0,0,0,8,2,0,2,2,0,0,0,0,2,100.0,,,,,,,,,,,,,
4,Fabian Schär,c8aa95da,5,SUI,CB,30,90,0,0,0,0,2,0,1,0,70,2,1,0,0.2,0.2,0.1,3,0,51,64,79.7,8,38,0,0,1120,442,0.1,3,3,3,0,61,3,3,1,2,0,0,0,0,0,0,0,0,2,0,0,100.0,0,0,3,1,0,3,1,,0,,0,0,0,51,1,0,1,0,0,0,0,6,3,60.0,,,,,,,,,,,,,
4,Gonçalo Guedes,e6bc67d7,17,POR,RW,25,82,0,1,0,0,0,0,0,0,27,2,0,3,0.0,0.0,0.1,2,1,11,22,50.0,1,15,2,0,177,57,0.1,2,2,1,1,21,1,0,0,0,3,1,0,0,0,0,0,2,2,0,0,66.7,1,3,2,0,0,0,1,,0,,1,1,1,16,3,0,2,0,0,0,0,4,0,0.0,,,,,,,,,,,,,
4,Hwang Hee-chan,169fd162,11,KOR,LW,26,7,0,0,0,0,0,0,0,0,6,0,0,0,0.0,0.0,0.0,0,0,2,3,66.7,0,5,0,0,15,0,0.0,0,0,0,0,3,0,0,0,0,0,0,0,0,0,0,0,0,0,0,0,,0,0,0,0,0,1,0,,0,,0,3,0,4,0,0,0,0,0,0,0,1,0,,,,,,,,,,,,,,
4,Jacob Murphy,de112b84,23,ENG,RW,27,7,0,0,0,0,0,0,0,0,9,0,0,0,0.0,0.0,0.0,0,0,5,8,62.5,0,6,1,0,74,8,0.0,0,0,0,0,8,0,0,0,0,2,0,0,0,0,0,0,0,0,0,0,,0,0,0,0,0,0,0,0.0,0,0.0,0,0,0,6,3,0,0,0,0,0,0,0,0,,,,,,,,,,,,,,
4,Joe Willock,a3b03921,28,ENG,RM,23,83,0,0,0,0,2,0,0,0,41,2,1,2,0.4,0.4,0.2,5,0,25,30,83.3,1,15,3,0,370,39,0.2,3,1,0,0,29,1,0,0,0,3,0,0,0,0,0,0,2,0,1,1,0.0,2,2,3,0,0,1,7,0.0,2,66.7,1,0,1,25,4,0,2,1,0,0,0,1,1,50.0,,,,,,,,,,,,,
4,Joelinton,c17bfb65,7,BRA,LM,26,90,0,0,0,0,2,1,0,0,71,2,1,1,0.1,0.1,0.1,3,0,43,54,79.6,11,35,2,4,751,240,0.2,3,4,2,0,53,1,0,1,0,1,1,0,0,0,0,0,1,1,1,0,100.0,0,1,3,1,0,4,1,57.1,3,42.9,0,3,2,49,8,0,0,1,0,0,0,8,1,20.0,,,,,,,,,,,,,
4,Jonny Castro,e28868f3,19,ESP,LB,28,90,0,0,0,0,0,0,0,0,40,3,0,1,0.0,0.0,0.0,0,0,23,32,71.9,2,17,2,0,460,227,0.0,0,2,1,0,27,5,0,0,0,3,5,0,0,0,0,0,1,3,0,0,100.0,0,1,3,4,0,2,0,,0,,0,0,1,17,1,0,0,2,0,0,0,5,1,33.3,,,,,,,,,,,,,
4,José Sá,903b6e8b,1,POR,GK,29,90,0,0,0,0,0,0,0,0,27,0,0,0,0.0,0.0,0.0,0,0,11,25,44.0,0,17,0,0,240,157,0.0,0,0,0,0,20,4,2,0,0,0,0,0,0,0,0,1,0,0,0,0,,0,0,0,0,0,26,0,,0,,0,0,0,10,0,0,0,0,0,0,0,3,1,100.0,6,1,5,83.3,1.2,5,45.5,37.0,27,4,14.8,0,9.0
4,João Moutinho,f5a00fa4,28,POR,LM,35,89,0,0,0,0,1,0,0,0,39,5,1,2,0.0,0.0,0.1,1,0,22,32,68.8,6,17,0,0,404,165,0.0,1,6,0,0,27,5,2,0,0,0,1,0,0,0,0,0,3,3,2,0,75.0,1,1,6,0,0,3,0,,0,,0,0,1,18,1,0,3,2,0,0,0,6,0,,,,,,,,,,,,,,
4,Kieran Trippier,21512407,2,ENG,RB,31,90,0,0,0,0,0,0,0,0,74,2,0,0,0.0,0.0,0.1,5,0,43,67,64.2,6,30,0,1,942,438,0.1,2,5,1,0,52,15,4,0,1,13,4,7,2,3,1,0,2,2,0,0,100.0,0,0,2,3,0,5,0,33.3,1,33.3,0,0,0,36,1,0,0,1,0,0,0,9,1,100.0,,,,,,,,,,,,,
4,Leander Dendoncker,5a7301ae,32,BEL,LM,27,1,0,0,0,0,0,0,0,0,0,0,0,0,0.0,0.0,0.0,0,0,0,0,,0,0,0,0,0,0,0.0,0,0,0,0,0,0,0,0,0,0,0,0,0,0,0,0,0,0,0,0,,0,0,0,0,0,0,0,,0,,0,0,0,0,0,0,0,0,0,0,0,0,0,,,,,,,,,,,,,,
4,Matheus Nunes,e6af02e0,27,POR,RM,24,90,0,0,0,0,2,1,0,0,43,2,0,3,0.3,0.3,0.0,1,0,17,28,60.7,1,18,3,2,307,59,0.0,0,3,0,0,25,3,1,0,2,3,0,2,0,2,0,0,0,1,0,1,0.0,2,3,2,2,0,5,3,100.0,0,0.0,0,2,1,24,4,0,1,0,0,0,0,5,2,50.0,,,,,,,,,,,,,
4,Matt Ritchie,71ef519e,11,SCO,FW,32,1,0,0,0,0,0,0,0,0,0,0,0,0,0.0,0.0,0.0,0,0,0,0,,0,0,0,0,0,0,0.0,0,0,0,0,0,0,0,0,0,0,0,0,0,0,0,0,0,0,0,0,,0,0,0,0,0,0,0,,0,,0,0,0,0,0,0,0,0,0,0,0,0,0,,,,,,,,,,,,,,
4,Matt Targett,e514ab62,13,ENG,LB,26,26,0,0,0,0,1,0,0,0,25,1,0,0,0.0,0.0,0.0,1,0,14,22,63.6,3,9,0,0,248,126,0.2,0,1,1,0,13,9,2,0,2,6,1,6,6,0,0,0,1,1,0,0,100.0,0,0,1,1,0,0,0,,0,,0,0,0,10,0,0,0,1,0,0,0,3,0,0.0,,,,,,,,,,,,,
4,Max Kilman,d0f72bf1,23,ENG,CB,25,90,0,0,0,0,0,0,0,0,38,0,1,4,0.0,0.0,0.0,0,0,21,27,77.8,1,17,1,0,379,129,0.0,0,1,0,0,26,1,1,0,0,0,0,0,0,0,0,0,0,0,0,0,0.0,1,1,1,8,0,13,0,,0,,0,0,1,18,0,0,0,0,0,0,0,3,3,60.0,,,,,,,,,,,,,
4,Miguel Almirón,862a1c15,24,PAR,RW,28,83,0,0,0,0,3,0,0,0,40,2,0,0,0.2,0.2,0.0,5,0,27,31,87.1,1,28,2,1,397,58,0.1,0,0,1,0,30,0,0,0,0,1,0,0,0,0,0,1,2,1,0,1,0.0,1,0,2,0,0,0,4,50.0,1,50.0,1,2,0,30,10,0,1,1,0,0,0,3,0,0.0,,,,,,,,,,,,,
4,Nathan Collins,a8c19eb8,4,IRL,CB,21,90,0,0,0,0,0,0,0,0,42,1,2,2,0.0,0.0,0.0,1,0,16,27,59.3,2,19,0,1,397,185,0.0,0,2,1,0,25,1,1,0,0,0,0,0,0,0,0,1,0,1,0,0,0.0,1,0,3,7,0,11,1,100.0,0,0.0,0,1,0,21,0,0,1,0,0,0,0,2,2,66.7,,,,,,,,,,,,,
4,Nick Pope,4b40d9ca,22,ENG,GK,30,90,0,0,0,0,0,0,0,0,28,0,0,0,0.0,0.0,0.0,0,0,22,26,84.6,0,15,0,0,442,346,0.0,0,0,0,0,22,4,1,0,0,0,0,0,0,0,0,0,0,0,0,0,,0,0,0,2,0,23,0,,0,,0,0,0,12,0,0,0,0,0,0,0,1,0,,4,1,3,75.0,0.3,10,8.7,22.2,11,0,0.0,6,33.7
4,Nélson Semedo,d04b94db,22,POR,RB,28,90,0,0,0,0,0,0,1,0,57,3,0,3,0.0,0.0,0.0,1,0,30,37,81.1,1,22,4,0,434,155,0.1,1,0,2,1,28,8,0,0,0,1,8,0,0,0,0,1,3,3,0,0,100.0,0,1,3,8,0,12,0,0.0,2,66.7,0,2,0,24,5,0,1,2,0,0,0,5,2,100.0,,,,,,,,,,,,,
4,Pedro Neto,7ba2eaa9,7,POR,LW,22,83,0,0,0,0,2,1,1,0,28,0,0,0,0.2,0.2,0.1,3,1,15,19,78.9,2,18,4,0,240,47,0.2,1,0,1,1,17,2,0,0,1,3,0,2,0,1,0,0,0,0,0,0,0.0,1,0,0,0,0,0,6,0.0,3,75.0,4,3,1,18,5,0,2,1,0,0,0,6,0,0.0,,,,,,,,,,,,,
4,Raúl Jiménez,b561db50,9,MEX,FW,31,90,0,0,0,0,2,1,0,0,23,0,0,4,0.2,0.2,0.0,0,0,9,11,81.8,0,9,2,0,106,11,0.0,0,0,0,0,11,0,0,0,0,1,0,0,0,0,0,0,0,0,0,0,,0,4,0,2,0,2,3,0.0,1,100.0,0,2,2,14,3,0,0,3,0,0,0,1,0,0.0,,,,,,,,,,,,,
4,Ryan Fraser,d56543a0,21,SCO,LW,28,26,0,0,0,0,0,0,0,0,17,0,0,2,0.0,0.0,0.1,2,0,11,14,78.6,1,8,0,0,169,52,0.2,2,1,1,1,14,0,0,0,0,5,0,0,0,0,0,0,0,0,0,0,0.0,1,2,0,0,0,0,1,,0,,0,0,0,11,5,0,0,1,0,0,0,1,0,,,,,,,,,,,,,,
4,Rúben Neves,44bfb6c5,8,POR,CM,25,90,1,0,0,0,3,1,0,0,57,6,0,4,0.1,0.1,0.0,4,0,28,35,80.0,5,23,0,1,818,243,0.0,1,8,0,0,31,4,4,0,2,0,0,0,0,0,0,0,1,2,2,2,62.5,3,1,6,6,0,9,0,100.0,0,0.0,0,2,1,16,0,0,0,1,0,0,0,11,0,0.0,,,,,,,,,,,,,
4,Sean Longstaff,a2b105e0,36,ENG,CM,24,90,0,0,0,0,2,0,0,0,68,1,0,3,0.2,0.2,0.0,4,0,43,55,78.2,8,25,0,0,768,224,0.0,0,4,1,0,54,1,0,1,0,0,0,0,0,0,0,0,0,1,0,0,,0,2,1,1,0,1,1,0.0,2,100.0,0,2,0,40,2,0,1,0,0,0,0,5,0,,,,,,,,,,,,,,
4,Sven Botman,ccce7025,4,NED,CB,22,90,0,0,0,0,0,0,0,0,71,0,1,1,0.0,0.0,0.0,0,0,57,63,90.5,7,34,0,0,1192,477,0.0,0,6,0,0,61,2,0,0,1,0,1,0,0,0,0,0,0,0,0,0,,0,0,1,4,0,10,4,,0,,1,0,0,48,1,0,1,0,0,0,0,2,5,100.0,,,,,,,,,,,,,
4,Aaron Cresswell,4f974391,3,ENG,CB,32,90,0,0,0,0,1,0,0,0,73,1,1,1,0.0,0.0,0.0,0,0,55,67,82.1,9,30,3,0,936,477,0.0,0,3,0,0,57,10,2,0,0,4,8,0,0,0,0,0,1,0,1,0,,0,1,2,3,0,1,0,,0,,0,0,0,51,2,0,1,1,0,0,0,1,0,0.0,,,,,,,,,,,,,
4,Ben Johnson,9319781b,2,ENG,WB,22,22,0,0,0,0,0,0,0,0,17,1,2,1,0.0,0.0,0.0,0,0,8,11,72.7,1,6,0,0,137,76,0.0,0,0,0,0,9,2,0,0,0,0,2,0,0,0,0,0,1,1,0,0,,0,1,3,1,0,1,0,,0,,0,0,1,6,0,0,0,0,0,0,0,4,0,0.0,,,,,,,,,,,,,
4,Boubacar Kamara,cc77354e,44,FRA,CM,22,90,0,0,0,0,0,0,1,0,85,3,0,1,0.0,0.0,0.0,2,0,67,72,93.1,3,49,1,0,1034,221,0.0,1,7,0,0,70,2,2,0,0,0,0,0,0,0,0,0,2,1,1,1,33.3,2,1,3,2,0,5,0,0.0,1,100.0,0,2,1,51,0,0,3,1,0,0,0,14,1,33.3,,,,,,,,,,,,,
4,Calum Chambers,dc6f5bdd,16,ENG,CB,27,90,0,0,0,0,0,0,0,0,80,2,3,1,0.0,0.0,0.0,1,0,63,73,86.3,4,62,2,0,1146,506,0.0,0,3,0,0,69,2,1,0,0,0,1,0,0,0,0,2,2,2,0,0,50.0,1,0,5,1,0,9,0,,0,,0,0,0,58,0,0,2,0,0,0,0,7,1,100.0,,,,,,,,,,,,,
4,Cameron Archer,05e8ca6d,35,ENG,DM,21,1,0,0,0,0,0,0,0,0,2,0,0,0,0.0,0.0,0.0,0,0,2,2,100.0,0,2,1,0,23,8,0.0,0,1,0,0,2,0,0,0,0,0,0,0,0,0,0,0,0,0,0,0,,0,0,0,0,0,0,0,,0,,0,0,0,1,0,0,0,0,0,0,0,1,0,,,,,,,,,,,,,,
4,Danny Ings,07802f7f,9,ENG,FW,30,77,0,0,0,0,1,0,0,0,21,0,0,1,0.1,0.1,0.0,0,0,10,15,66.7,0,15,2,1,110,0,0.0,0,0,0,0,15,0,0,0,0,1,0,0,0,0,0,0,0,0,0,0,,0,1,0,0,0,0,2,100.0,0,0.0,0,0,2,18,6,0,0,1,0,0,0,2,2,100.0,,,,,,,,,,,,,
4,Declan Rice,1c7012b8,41,ENG,CM,23,90,0,1,0,0,1,0,0,0,66,1,1,4,0.0,0.0,0.1,3,1,47,55,85.5,2,27,1,0,836,127,0.0,2,4,0,0,50,4,4,0,0,0,0,0,0,0,0,1,0,1,0,0,0.0,1,3,2,3,0,3,0,0.0,0,0.0,0,1,0,41,0,0,2,1,0,0,0,7,0,,,,,,,,,,,,,,
4,Douglas Luiz,6f7d826d,6,BRA,RM,24,65,0,0,0,0,0,0,0,0,57,0,2,0,0.0,0.0,0.0,2,0,43,52,82.7,1,43,3,0,724,116,0.0,0,0,0,0,48,4,3,0,1,2,0,1,0,0,0,0,0,0,0,0,0.0,1,0,2,0,0,0,0,0.0,0,0.0,0,0,1,42,2,0,1,1,0,0,0,5,0,0.0,,,,,,,,,,,,,
4,Emerson Palmieri,e0bc6fdc,33,ITA,WB,28,45,0,0,0,0,0,0,0,0,25,0,1,0,0.0,0.0,0.0,1,0,18,23,78.3,1,9,2,0,216,45,0.0,0,1,1,0,23,0,0,0,0,1,0,0,0,0,0,0,0,0,0,0,,0,0,1,0,0,2,1,,0,,0,0,0,20,4,0,0,0,0,0,0,2,1,100.0,,,,,,,,,,,,,
4,Emi Buendía,66b76d44,10,ARG,AM,25,25,0,0,0,0,0,0,0,0,30,1,0,0,0.0,0.0,0.0,2,0,18,27,66.7,2,26,0,1,335,58,0.0,1,4,0,0,25,2,0,1,0,3,0,1,1,0,0,0,1,0,0,1,50.0,1,0,1,0,0,0,0,100.0,0,0.0,0,1,1,24,1,0,0,0,0,0,0,2,0,,,,,,,,,,,,,,
4,Emiliano Martínez,7956236f,1,ARG,GK,29,90,0,0,0,0,0,0,0,0,38,0,0,0,0.0,0.0,0.0,0,0,30,38,78.9,0,24,0,0,609,348,0.0,0,0,0,0,31,7,2,0,0,0,0,0,0,0,0,0,0,0,0,0,,0,0,0,0,0,30,0,,0,,0,0,0,22,0,0,0,0,0,0,0,3,0,,2,1,1,50.0,0.1,4,21.2,29.6,11,2,18.2,2,20.6
4,Ezri Konsa,0313a347,4,ENG,CB,24,90,0,0,0,0,0,0,0,0,78,1,2,0,0.0,0.0,0.0,0,0,65,70,92.9,0,64,1,0,1218,441,0.0,0,2,0,0,70,0,0,0,0,0,0,0,0,0,0,0,1,1,0,0,0.0,1,0,3,5,0,9,0,,0,,0,0,0,64,0,0,1,0,0,0,0,2,1,100.0,,,,,,,,,,,,,
4,Gianluca Scamacca,8790f988,7,ITA,FW,23,64,0,0,0,0,1,1,0,0,19,0,0,0,0.1,0.1,0.0,2,0,9,13,69.2,0,11,1,2,154,12,0.0,1,1,0,0,13,0,0,0,0,0,0,0,0,0,0,0,0,0,0,0,,0,0,0,1,0,1,2,66.7,1,33.3,1,3,1,18,2,0,0,2,0,0,0,0,1,100.0,,,,,,,,,,,,,
4,Jacob Ramsey,1544f145,41,ENG,RM,21,25,0,0,0,0,1,1,0,0,21,0,0,1,0.0,0.0,0.1,2,0,16,17,94.1,1,16,1,0,203,58,0.1,1,2,0,0,17,0,0,0,0,0,0,0,0,0,0,0,0,0,0,0,,0,1,0,0,0,0,1,,0,,0,2,0,17,2,0,0,0,0,0,0,1,1,50.0,,,,,,,,,,,,,
4,Jarrod Bowen,79c84d1c,20,ENG,FW,25,90,0,0,0,0,1,0,0,0,31,3,0,1,0.3,0.3,0.0,0,0,12,20,60.0,2,25,3,1,221,48,0.0,0,1,0,0,19,1,0,0,0,2,0,1,1,0,0,0,2,0,1,2,66.7,1,1,3,1,0,2,5,25.0,3,75.0,1,2,2,24,5,0,1,2,0,0,0,5,0,0.0,,,,,,,,,,,,,
4,John McGinn,90f91999,7,SCO,LM,27,89,0,0,0,0,2,0,0,0,88,3,1,3,0.1,0.1,0.0,0,0,62,72,86.1,13,51,1,0,1120,435,0.0,0,9,2,2,72,0,0,0,0,5,0,0,0,0,0,0,2,0,3,0,0.0,1,3,4,1,0,0,1,,0,,1,2,1,63,1,0,1,1,0,0,0,6,0,,,,,,,,,,,,,,
4,Kurt Zouma,ce4246f5,4,FRA,CB,27,90,0,0,0,0,0,0,0,0,58,0,0,1,0.0,0.0,0.0,1,1,39,46,84.8,0,26,0,0,825,320,0.0,0,1,0,0,43,3,2,0,1,0,1,0,0,0,0,0,0,0,0,0,,0,0,0,11,0,15,0,,0,,0,0,0,29,0,0,0,0,0,0,0,6,3,100.0,,,,,,,,,,,,,
4,Leon Bailey,3a233281,31,JAM,FW,25,13,0,0,0,0,1,0,0,0,13,0,0,0,0.0,0.0,0.0,0,0,5,9,55.6,1,10,2,2,118,26,0.0,0,1,0,0,9,0,0,0,0,3,0,0,0,0,0,0,0,0,0,0,,0,0,0,1,0,0,3,66.7,1,33.3,2,1,0,11,3,0,0,0,0,0,0,0,1,100.0,,,,,,,,,,,,,
4,Lucas Digne,1b84dbe1,27,FRA,LB,29,90,0,0,0,0,0,0,0,0,97,1,0,2,0.0,0.0,0.3,3,0,58,87,66.7,1,58,2,0,872,328,0.1,3,1,1,1,69,18,1,0,0,8,16,1,0,1,0,0,1,1,0,0,50.0,1,1,1,2,0,3,2,0.0,1,100.0,0,4,1,59,12,0,0,2,0,0,0,11,3,100.0,,,,,,,,,,,,,
4,Matty Cash,2389cdc2,2,POL,RB,25,90,0,0,0,0,1,0,1,0,63,5,3,0,0.1,0.1,0.0,0,0,38,49,77.6,2,32,0,0,590,125,0.0,0,2,0,0,41,8,0,0,1,2,8,0,0,0,0,0,2,3,2,0,66.7,1,0,8,4,0,6,3,0.0,0,0.0,0,1,1,33,2,0,1,1,0,0,0,5,2,66.7,,,,,,,,,,,,,
4,Michail Antonio,ac05f970,9,JAM,FW,32,26,0,0,0,0,0,0,0,0,12,0,0,0,0.0,0.0,0.0,1,0,6,9,66.7,2,6,0,1,85,32,0.1,0,1,1,0,9,0,0,0,0,1,0,0,0,0,0,0,0,0,0,0,,0,0,0,1,0,2,1,100.0,0,0.0,0,0,1,9,2,0,0,0,0,0,0,2,1,33.3,,,,,,,,,,,,,
4,Ollie Watkins,aed3a70f,11,ENG,FW,26,90,0,0,0,0,2,1,0,0,21,0,2,0,0.2,0.2,0.0,1,0,16,18,88.9,2,17,2,0,191,19,0.0,0,0,1,0,18,0,0,0,0,0,0,0,0,0,0,0,0,0,0,0,,0,0,2,0,0,0,2,,0,,1,0,1,17,4,0,1,1,0,0,0,3,1,33.3,,,,,,,,,,,,,
4,Pablo Fornals,82927de4,8,ESP,CM,26,90,1,0,0,0,2,1,0,0,54,3,2,1,0.1,0.1,0.0,2,0,28,44,63.6,5,23,2,3,494,161,0.0,0,2,0,0,43,1,0,1,2,6,0,1,1,0,0,0,1,0,2,1,0.0,1,1,5,0,0,0,3,60.0,2,40.0,2,1,2,41,5,0,1,2,0,0,0,7,1,25.0,,,,,,,,,,,,,
4,Philippe Coutinho,0ef89a37,23,BRA,AM,30,65,0,0,0,0,1,1,0,0,47,1,0,1,0.0,0.0,0.1,4,0,30,38,78.9,5,37,1,1,469,86,0.1,2,4,2,1,35,3,2,1,0,2,0,0,0,0,0,0,0,1,0,0,100.0,0,1,1,1,0,0,0,50.0,0,0.0,0,2,1,38,1,0,0,2,0,0,0,1,0,0.0,,,,,,,,,,,,,
4,Saïd Benrahma,5a04fd92,22,ALG,LW,27,45,0,0,0,0,1,0,0,0,27,1,0,0,0.1,0.1,0.0,1,0,17,22,77.3,1,16,2,2,291,45,0.0,1,0,1,1,21,1,0,0,0,2,0,0,0,0,0,0,0,1,0,0,,0,0,1,0,0,0,1,66.7,1,33.3,0,1,1,18,5,0,0,0,0,0,0,6,0,0.0,,,,,,,,,,,,,
4,Thilo Kehrer,51dbeea9,24,GER,CB,25,90,0,0,0,0,0,0,0,0,58,1,2,0,0.0,0.0,0.0,0,0,40,47,85.1,2,29,0,0,779,299,0.0,0,2,0,0,43,4,1,0,2,0,3,0,0,0,0,0,1,1,0,0,0.0,1,0,3,5,0,10,0,,0,,0,1,1,33,0,0,2,1,0,0,0,7,0,0.0,,,,,,,,,,,,,
4,Tomáš Souček,6613c819,28,CZE,CM,27,90,0,0,0,0,0,0,0,0,48,2,4,1,0.0,0.0,0.1,1,0,33,38,86.8,2,15,0,0,653,208,0.0,1,2,0,0,38,0,0,0,0,0,0,0,0,0,0,0,0,1,1,0,50.0,1,1,6,1,0,3,0,,0,,0,1,1,28,0,0,2,1,0,0,0,8,1,50.0,,,,,,,,,,,,,
4,Vladimír Coufal,fdf3cb77,5,CZE,WB,30,68,0,0,0,0,0,0,0,0,55,0,3,1,0.0,0.0,0.0,1,0,25,47,53.2,1,19,5,0,406,268,0.0,0,0,0,0,37,10,1,0,0,3,9,0,0,0,0,0,0,0,0,0,,0,1,3,3,0,3,0,,0,,0,0,0,30,2,0,1,0,0,0,0,4,1,100.0,,,,,,,,,,,,,
4,Łukasz Fabiański,9328b835,1,POL,GK,37,90,0,0,0,0,0,0,0,0,30,0,0,0,0.0,0.0,0.0,0,0,23,28,82.1,0,15,0,0,576,387,0.0,0,0,0,0,18,10,1,0,0,0,0,0,0,0,0,0,0,0,0,0,,0,0,0,0,0,26,0,,0,,0,0,0,10,0,0,0,0,0,0,0,1,0,,3,0,3,100.0,0.2,8,26.3,29.0,22,0,0.0,0,9.0
4,Ben Davies,44781702,33,WAL,CB,29,90,0,0,0,0,1,0,0,0,43,1,3,1,0.1,0.1,0.0,3,0,29,33,87.9,2,16,2,0,539,220,0.0,0,1,0,0,30,3,3,0,0,0,0,0,0,0,0,0,1,1,0,0,50.0,1,0,4,3,0,5,0,0.0,0,0.0,0,0,0,20,0,0,1,0,0,0,0,2,2,66.7,,,,,,,,,,,,,
4,Brennan Johnson,0cd31129,20,WAL,AM,21,89,0,0,0,0,2,0,1,0,30,1,2,1,0.1,0.1,0.0,1,0,13,20,65.0,3,19,3,3,186,44,0.0,0,0,2,0,20,0,0,0,0,2,0,0,0,0,0,0,1,1,0,0,100.0,0,1,3,0,0,0,8,100.0,0,0.0,1,3,0,20,8,0,1,1,0,0,0,2,1,25.0,,,,,,,,,,,,,
4,Cheikhou Kouyaté,8d3c902d,21,SEN,DM,32,16,0,0,0,0,0,0,1,0,16,1,0,0,0.0,0.0,0.0,0,0,13,14,92.9,1,8,0,0,218,58,0.0,0,1,0,0,14,0,0,0,0,0,0,0,0,0,0,0,0,1,0,0,,0,0,1,0,0,1,1,0.0,0,0.0,0,0,0,9,0,0,2,0,0,0,0,1,2,66.7,,,,,,,,,,,,,
4,Davinson Sánchez,da7b447d,6,COL,CB,26,90,0,0,0,0,0,0,0,0,74,3,2,0,0.0,0.0,0.0,0,0,49,58,84.5,0,35,0,0,819,300,0.0,0,1,0,0,58,0,0,0,0,0,0,0,0,0,0,0,1,2,1,0,100.0,0,0,5,10,0,17,0,,0,,0,1,0,47,0,0,1,1,0,0,0,5,3,100.0,,,,,,,,,,,,,
4,Dean Henderson,e5a76dfe,1,ENG,GK,25,90,0,0,0,0,0,0,0,0,44,0,0,0,0.0,0.0,0.0,0,0,25,39,64.1,0,19,0,0,619,399,0.0,0,0,0,0,27,12,3,0,0,0,0,0,0,0,0,0,0,0,0,0,,0,0,0,1,0,34,0,,0,,0,0,0,22,0,0,0,0,0,0,0,2,0,,6,2,3,66.7,2.4,2,50.0,39.0,4,1,25.0,5,23.3
4,Dejan Kulusevski,df3cda47,21,SWE,AM,22,82,0,1,0,0,4,0,0,0,41,0,1,0,0.2,0.2,0.3,6,1,26,32,81.3,3,30,9,1,365,103,0.4,3,1,1,0,32,0,0,1,1,1,0,0,0,0,0,0,0,0,0,0,0.0,1,0,1,0,0,4,5,25.0,1,25.0,4,1,3,32,5,0,0,0,0,0,0,9,0,,,,,,,,,,,,,,
4,Djed Spence,9bc9a519,24,ENG,RM,22,1,0,0,0,0,1,0,0,0,1,0,0,0,0.1,0.1,0.0,0,0,0,0,,0,0,0,0,0,0,0.0,0,0,0,0,0,0,0,0,0,0,0,0,0,0,0,0,0,0,0,0,,0,0,0,0,0,0,1,,0,,0,0,0,0,0,0,0,0,0,0,0,0,0,,,,,,,,,,,,,,
4,Emerson,df8b52a5,12,BRA,WB,23,90,0,0,0,0,0,0,0,0,67,2,0,0,0.0,0.0,0.0,0,0,44,56,78.6,2,34,2,0,706,169,0.0,0,3,0,0,43,12,2,0,0,1,10,0,0,0,0,1,2,1,1,0,100.0,0,0,2,5,0,3,2,,0,,1,2,2,38,3,0,2,1,0,0,0,6,3,50.0,,,,,,,,,,,,,
4,Emmanuel Dennis,2c44a35d,25,NGA,LW,24,22,0,0,0,0,2,0,0,0,19,0,0,0,0.1,0.1,0.0,1,0,8,11,72.7,2,13,1,1,152,59,0.0,0,1,0,0,11,0,0,0,0,1,0,0,0,0,0,0,0,0,0,0,,0,0,0,0,0,0,3,20.0,4,80.0,0,1,0,14,4,0,0,2,0,0,0,2,0,,,,,,,,,,,,,,
4,Eric Dier,ac861941,15,ENG,CB,28,90,0,0,0,0,0,0,0,0,63,0,1,2,0.0,0.0,0.0,0,0,51,59,86.4,1,32,0,0,885,331,0.0,0,1,0,0,57,2,2,0,0,0,0,0,0,0,0,0,0,0,0,0,,0,1,1,1,0,15,0,,0,,0,0,0,44,0,0,1,0,0,0,0,3,2,100.0,,,,,,,,,,,,,
4,Harry Kane,21a66f6a,10,ENG,FW,29,90,2,0,0,1,5,3,1,0,50,0,0,2,1.4,0.6,0.2,6,0,23,33,69.7,5,34,3,1,538,245,0.1,3,6,4,2,31,2,0,0,0,3,1,0,0,0,0,0,0,0,0,0,0.0,1,0,0,0,0,2,3,20.0,3,60.0,2,4,1,40,4,0,2,3,0,0,0,3,1,16.7,,,,,,,,,,,,,
4,Harry Toffolo,a105d46a,15,ENG,WB,27,90,0,0,0,0,0,0,0,0,64,2,2,1,0.0,0.0,0.0,3,0,45,57,78.9,4,23,1,1,620,186,0.1,0,1,2,1,49,8,0,0,0,4,8,0,0,0,0,0,1,0,2,0,,0,1,4,2,0,2,0,100.0,0,0.0,0,0,0,41,13,0,1,2,0,0,0,6,2,40.0,,,,,,,,,,,,,
4,Hugo Lloris,8f62b6ee,1,FRA,GK,35,90,0,0,0,0,0,0,0,0,43,0,0,0,0.0,0.0,0.0,0,0,28,40,70.0,0,22,0,0,712,454,0.0,0,0,0,0,30,10,0,0,0,0,0,0,0,0,0,0,0,0,0,0,,0,0,0,2,0,42,0,,0,,0,0,0,19,0,0,0,0,0,0,0,3,0,,1,0,1,100.0,0.0,8,33.3,31.9,17,2,11.8,2,10.3
4,Ivan Perišić,6fe90922,14,CRO,WB,33,73,0,0,0,0,1,0,0,0,36,3,1,0,0.0,0.0,0.0,0,0,18,27,66.7,0,15,3,1,288,62,0.1,0,0,0,0,21,5,0,0,0,2,5,0,0,0,0,1,2,3,0,0,50.0,2,0,4,1,0,3,4,33.3,1,33.3,3,0,1,18,3,0,1,0,0,0,0,2,1,50.0,,,,,,,,,,,,,
4,Jesse Lingard,810e3c74,11,ENG,FW,29,68,0,0,0,0,1,0,0,0,34,0,0,2,0.0,0.0,0.2,4,0,28,30,93.3,4,17,2,0,354,64,0.1,3,3,1,0,28,2,2,0,0,1,0,0,0,0,0,0,0,0,0,0,,0,2,0,0,0,0,3,0.0,1,100.0,0,0,0,27,5,0,0,3,0,0,0,3,0,,,,,,,,,,,,,,
4,Joe Worrall,a5212312,4,ENG,CB,25,90,0,0,0,0,1,0,1,0,94,3,2,2,0.1,0.1,0.0,0,0,79,85,92.9,9,52,1,1,1558,569,0.0,0,12,0,0,84,1,1,0,1,0,0,0,0,0,0,0,1,1,2,0,,0,0,5,1,0,6,2,100.0,0,0.0,0,0,0,71,0,0,1,0,0,0,0,8,3,100.0,,,,,,,,,,,,,
4,Lewis O'Brien,089667a5,14,ENG,CM,23,74,0,0,0,0,1,1,1,0,60,1,1,3,0.0,0.0,0.0,2,0,45,50,90.0,8,33,0,0,900,158,0.0,1,5,0,0,48,2,2,0,0,0,0,0,0,0,0,0,1,0,1,0,50.0,1,3,2,0,0,1,1,,0,,1,2,0,44,0,0,1,1,0,0,0,3,0,0.0,,,,,,,,,,,,,
4,Morgan Gibbs-White,32f60ed8,10,ENG,AM,22,90,0,0,0,0,2,0,0,0,73,1,0,0,0.1,0.1,0.1,4,0,41,61,67.2,11,41,2,1,708,212,0.3,2,5,4,0,52,9,2,0,1,9,1,6,3,2,1,0,1,0,1,0,100.0,0,0,1,0,0,0,6,50.0,1,50.0,0,6,1,56,12,0,1,1,0,0,0,5,1,33.3,,,,,,,,,,,,,
4,Neco Williams,dd323728,7,WAL,WB,21,90,0,0,0,0,3,0,0,0,89,7,0,1,0.2,0.2,0.0,2,0,53,71,74.6,2,51,3,0,845,170,0.0,1,2,0,0,64,6,1,0,2,6,5,0,0,0,0,1,5,4,3,0,66.7,1,1,7,0,0,2,5,0.0,2,100.0,0,3,1,60,15,0,0,0,0,0,0,5,1,50.0,,,,,,,,,,,,,
4,Pierre Højbjerg,8b04d6c1,5,DEN,CM,27,90,0,0,0,0,1,0,0,0,73,1,5,1,0.1,0.1,0.3,6,1,55,67,82.1,6,36,2,2,1005,344,0.2,3,6,1,0,65,2,2,1,1,1,0,0,0,0,0,0,0,0,1,0,0.0,1,0,6,1,0,3,1,100.0,0,0.0,0,0,0,55,4,0,3,2,0,0,0,9,1,100.0,,,,,,,,,,,,,
4,Remo Freuler,98d2c2c4,23,SUI,DM,30,16,0,0,0,0,1,0,0,0,16,0,0,0,0.1,0.1,0.0,1,0,12,13,92.3,3,8,0,0,205,47,0.0,0,1,0,0,13,0,0,0,0,0,0,0,0,0,0,0,0,0,0,0,0.0,1,0,0,0,0,0,1,,0,,0,0,0,12,0,0,0,0,0,0,0,0,0,,,,,,,,,,,,,,
4,Richarlison,fa031b34,9,BRA,LM,25,17,0,1,0,0,2,1,0,0,17,0,1,0,0.4,0.4,0.4,2,1,10,12,83.3,0,9,1,0,141,25,0.2,1,0,0,0,12,0,0,0,0,1,0,0,0,0,0,0,0,0,0,0,,0,0,1,0,0,0,3,,0,,0,1,2,12,1,0,1,1,0,0,0,1,0,0.0,,,,,,,,,,,,,
4,Rodrigo Bentancur,3b8674e6,30,URU,CM,25,89,0,0,0,0,0,0,0,0,59,1,2,1,0.0,0.0,0.0,2,0,44,51,86.3,1,27,0,1,644,216,0.0,0,1,0,0,49,1,1,0,0,0,0,0,0,0,0,1,0,1,0,0,50.0,1,0,3,2,0,4,0,50.0,1,50.0,0,1,0,40,0,0,0,0,0,0,0,7,2,50.0,,,,,,,,,,,,,
4,Ryan Sessegnon,6aa3e78b,19,ENG,LB,22,17,0,0,0,0,0,0,0,0,11,0,1,0,0.0,0.0,0.0,0,0,6,8,75.0,0,4,1,0,88,32,0.0,0,0,0,0,5,3,0,0,0,0,3,0,0,0,0,0,0,0,0,0,,0,0,1,1,0,1,1,,0,,1,0,2,6,3,0,0,0,0,0,0,0,0,,,,,,,,,,,,,,
4,Ryan Yates,c1fe2a48,22,ENG,CM,24,74,0,0,0,0,4,0,0,0,55,1,1,1,0.2,0.2,0.1,2,0,42,46,91.3,4,22,0,0,800,154,0.2,1,1,1,0,42,4,2,0,0,0,0,0,0,0,0,0,0,0,1,0,50.0,1,1,2,0,0,0,7,,0,,0,0,1,32,1,0,1,1,0,0,0,10,1,50.0,,,,,,,,,,,,,
4,Sam Surridge,b017b770,16,ENG,RW,24,1,0,0,0,0,0,0,0,0,1,0,0,0,0.0,0.0,0.0,0,0,1,1,100.0,1,1,0,0,14,12,0.0,0,1,0,0,1,0,0,0,0,0,0,0,0,0,0,0,0,0,0,0,,0,0,0,0,0,0,0,,0,,0,0,0,1,0,0,0,0,0,0,0,0,0,,,,,,,,,,,,,,
4,Scott McKenna,4e5a4cbc,26,SCO,CB,25,90,0,0,0,0,0,0,1,0,74,3,0,3,0.0,0.0,0.1,2,0,58,65,89.2,6,25,1,0,1131,402,0.1,2,7,2,1,60,5,2,0,0,1,3,0,0,0,0,0,1,0,1,2,0.0,1,1,3,3,0,8,1,,0,,0,0,0,49,0,0,1,0,0,0,0,6,0,0.0,,,,,,,,,,,,,
4,Son Heung-min,92e7e919,7,KOR,AM,30,73,0,0,0,0,2,1,0,0,22,0,0,0,0.2,0.2,0.2,4,0,11,17,64.7,2,15,3,0,186,69,0.0,3,2,0,0,16,1,0,0,0,1,0,1,1,0,0,0,0,0,0,0,,0,0,0,0,0,0,3,0.0,1,100.0,0,2,3,17,1,0,1,1,0,0,0,1,0,0.0,,,,,,,,,,,,,
4,Steve Cook,3e5e4e63,3,ENG,CB,31,74,0,0,0,0,0,0,1,0,52,1,5,1,0.0,0.0,0.0,1,0,36,43,83.7,2,20,0,0,783,246,0.2,1,3,0,0,43,0,0,0,0,0,0,0,0,0,0,0,0,0,1,0,50.0,1,0,6,0,0,2,2,,0,,0,0,0,36,0,0,1,0,0,1,0,1,4,80.0,,,,,,,,,,,,,
4,Taiwo Awoniyi,e5478b87,9,NGA,FW,25,16,0,0,0,0,0,0,0,0,8,0,0,0,0.0,0.0,0.0,2,0,5,6,83.3,1,6,0,1,63,14,0.0,1,0,0,0,5,1,0,0,0,0,0,0,0,0,0,0,0,0,0,0,,0,0,0,0,0,0,0,100.0,0,0.0,0,0,1,6,2,0,1,0,0,0,0,3,0,,,,,,,,,,,,,,
4,Yves Bissouma,6c203af0,38,MLI,CM,25,8,0,0,0,0,0,0,0,0,13,1,1,1,0.0,0.0,0.0,0,0,6,9,66.7,2,6,0,0,102,33,0.0,0,0,0,0,8,1,1,0,0,0,0,0,0,0,0,0,1,0,1,0,0.0,1,0,2,0,0,1,0,,0,,0,0,0,6,0,0,0,0,0,0,0,3,0,,,,,,,,,,,,,,
